date	count	package
2020-07-23	26	palmerpenguins
2020-07-24	70	palmerpenguins
2020-07-25	36	palmerpenguins
2020-07-26	40	palmerpenguins
2020-07-27	77	palmerpenguins
2020-07-28	115	palmerpenguins
2020-07-29	159	palmerpenguins
2020-07-30	78	palmerpenguins
2020-07-31	102	palmerpenguins
2020-08-01	66	palmerpenguins
2020-08-02	62	palmerpenguins
2020-08-03	80	palmerpenguins
2020-08-04	97	palmerpenguins
2020-08-05	68	palmerpenguins
2020-08-06	83	palmerpenguins
2020-08-07	96	palmerpenguins
2020-08-08	60	palmerpenguins
2020-08-09	35	palmerpenguins
2020-08-10	65	palmerpenguins
2020-08-11	70	palmerpenguins
2020-08-12	85	palmerpenguins
2020-08-13	61	palmerpenguins
2020-08-14	44	palmerpenguins
2020-08-15	28	palmerpenguins
2020-08-16	22	palmerpenguins
2020-08-17	127	palmerpenguins
2020-08-18	74	palmerpenguins
2020-08-19	121	palmerpenguins
2020-08-20	154	palmerpenguins
2020-08-21	63	palmerpenguins
2020-08-22	43	palmerpenguins
2020-08-23	42	palmerpenguins
2020-08-24	73	palmerpenguins
2020-08-25	78	palmerpenguins
2020-08-26	80	palmerpenguins
2020-08-27	114	palmerpenguins
2020-08-28	87	palmerpenguins
2020-08-29	72	palmerpenguins
2020-08-30	44	palmerpenguins
2020-08-31	101	palmerpenguins
2020-09-01	135	palmerpenguins
2020-09-02	164	palmerpenguins
2020-09-03	296	palmerpenguins
2020-09-04	146	palmerpenguins
2020-09-05	70	palmerpenguins
2020-09-06	68	palmerpenguins
2020-09-07	81	palmerpenguins
2020-09-08	171	palmerpenguins
2020-09-09	234	palmerpenguins
2020-09-10	282	palmerpenguins
2020-09-11	197	palmerpenguins
2020-09-12	102	palmerpenguins
2020-09-13	153	palmerpenguins
2020-09-14	204	palmerpenguins
2020-09-15	749	palmerpenguins
2020-09-16	418	palmerpenguins
2020-09-17	374	palmerpenguins
2020-09-18	308	palmerpenguins
2020-09-19	251	palmerpenguins
2020-09-20	207	palmerpenguins
2020-09-21	267	palmerpenguins
2020-09-22	423	palmerpenguins
2020-09-23	794	palmerpenguins
2020-09-24	369	palmerpenguins
2020-09-25	422	palmerpenguins
2020-09-26	214	palmerpenguins
2020-09-27	331	palmerpenguins
2020-09-28	375	palmerpenguins
2020-09-29	324	palmerpenguins
2020-09-30	358	palmerpenguins
2020-10-01	325	palmerpenguins
2020-10-02	304	palmerpenguins
2020-10-03	205	palmerpenguins
2020-10-04	327	palmerpenguins
2020-10-05	352	palmerpenguins
2020-10-06	612	palmerpenguins
2020-10-07	518	palmerpenguins
2020-10-08	696	palmerpenguins
2020-10-09	420	palmerpenguins
2020-10-10	172	palmerpenguins
2020-10-11	185	palmerpenguins
2020-10-12	360	palmerpenguins
2020-10-13	534	palmerpenguins
2020-10-14	255	palmerpenguins
2020-10-15	339	palmerpenguins
2020-10-16	360	palmerpenguins
2020-10-17	135	palmerpenguins
2020-10-18	165	palmerpenguins
2020-10-19	359	palmerpenguins
2020-10-20	335	palmerpenguins
2020-10-21	329	palmerpenguins
2020-10-22	308	palmerpenguins
2020-10-23	240	palmerpenguins
2020-10-24	218	palmerpenguins
2020-10-25	189	palmerpenguins
2020-10-26	344	palmerpenguins
2020-10-27	282	palmerpenguins
2020-10-28	247	palmerpenguins
2020-10-29	306	palmerpenguins
2020-10-30	298	palmerpenguins
2020-10-31	188	palmerpenguins
2020-11-01	182	palmerpenguins
2020-11-02	307	palmerpenguins
2020-11-03	339	palmerpenguins
2020-11-04	263	palmerpenguins
2020-11-05	211	palmerpenguins
2020-11-06	254	palmerpenguins
2020-11-07	131	palmerpenguins
2020-11-08	145	palmerpenguins
2020-11-09	286	palmerpenguins
2020-11-10	414	palmerpenguins
2020-11-11	499	palmerpenguins
2020-11-12	466	palmerpenguins
2020-11-13	343	palmerpenguins
2020-11-14	189	palmerpenguins
2020-11-15	258	palmerpenguins
2020-11-16	384	palmerpenguins
2020-11-17	429	palmerpenguins
2020-11-18	281	palmerpenguins
2020-11-19	286	palmerpenguins
2020-11-20	292	palmerpenguins
2020-11-21	126	palmerpenguins
2020-11-22	150	palmerpenguins
2020-11-23	297	palmerpenguins
2020-11-24	373	palmerpenguins
2020-11-25	186	palmerpenguins
2020-11-26	205	palmerpenguins
2020-11-27	153	palmerpenguins
2020-11-28	120	palmerpenguins
2020-11-29	143	palmerpenguins
2020-11-30	338	palmerpenguins
2020-12-01	453	palmerpenguins
2020-12-02	384	palmerpenguins
2020-12-03	372	palmerpenguins
2020-12-04	353	palmerpenguins
2020-12-05	126	palmerpenguins
2020-12-06	151	palmerpenguins
2020-12-07	274	palmerpenguins
2020-12-08	358	palmerpenguins
2020-12-09	428	palmerpenguins
2020-12-10	355	palmerpenguins
2020-12-11	331	palmerpenguins
2020-12-12	144	palmerpenguins
2020-12-13	214	palmerpenguins
2020-12-14	276	palmerpenguins
2020-12-15	389	palmerpenguins
2020-12-16	279	palmerpenguins
2020-12-17	287	palmerpenguins
2020-12-18	167	palmerpenguins
2020-12-19	95	palmerpenguins
2020-12-20	96	palmerpenguins
2020-12-21	229	palmerpenguins
2020-12-22	213	palmerpenguins
2020-12-23	101	palmerpenguins
2020-12-24	136	palmerpenguins
2020-12-25	57	palmerpenguins
2020-12-26	152	palmerpenguins
2020-12-27	161	palmerpenguins
2020-12-28	109	palmerpenguins
2020-12-29	116	palmerpenguins
2020-12-30	132	palmerpenguins
2020-12-31	110	palmerpenguins
2021-01-01	55	palmerpenguins
2021-01-02	82	palmerpenguins
2021-01-03	159	palmerpenguins
2021-01-04	203	palmerpenguins
2021-01-05	291	palmerpenguins
2021-01-06	211	palmerpenguins
2021-01-07	191	palmerpenguins
2021-01-08	255	palmerpenguins
2021-01-09	136	palmerpenguins
2021-01-10	256	palmerpenguins
2021-01-11	540	palmerpenguins
2021-01-12	974	palmerpenguins
2021-01-13	1086	palmerpenguins
2021-01-14	476	palmerpenguins
2021-01-15	390	palmerpenguins
2021-01-16	387	palmerpenguins
2021-01-17	353	palmerpenguins
2021-01-18	629	palmerpenguins
2021-01-19	911	palmerpenguins
2021-01-20	345	palmerpenguins
2021-01-21	507	palmerpenguins
2021-01-22	454	palmerpenguins
2021-01-23	297	palmerpenguins
2021-01-24	308	palmerpenguins
2021-01-25	480	palmerpenguins
2021-01-26	455	palmerpenguins
2021-01-27	459	palmerpenguins
2021-01-28	745	palmerpenguins
2021-01-29	644	palmerpenguins
2021-01-30	441	palmerpenguins
2021-01-31	354	palmerpenguins
2021-02-01	897	palmerpenguins
2021-02-02	684	palmerpenguins
2021-02-03	693	palmerpenguins
2021-02-04	564	palmerpenguins
2021-02-05	639	palmerpenguins
2021-02-06	267	palmerpenguins
2021-02-07	329	palmerpenguins
2021-02-08	646	palmerpenguins
2021-02-09	546	palmerpenguins
2021-02-10	533	palmerpenguins
2021-02-11	555	palmerpenguins
2021-02-12	536	palmerpenguins
2021-02-13	278	palmerpenguins
2021-02-14	259	palmerpenguins
2021-02-15	440	palmerpenguins
2021-02-16	524	palmerpenguins
2021-02-17	464	palmerpenguins
2021-02-18	591	palmerpenguins
2021-02-19	421	palmerpenguins
2021-02-20	221	palmerpenguins
2021-02-21	243	palmerpenguins
2021-02-22	512	palmerpenguins
2021-02-23	692	palmerpenguins
2021-02-24	690	palmerpenguins
2021-02-25	624	palmerpenguins
2021-02-26	545	palmerpenguins
2021-02-27	341	palmerpenguins
2021-02-28	284	palmerpenguins
2021-03-01	797	palmerpenguins
2021-03-02	574	palmerpenguins
2021-03-03	558	palmerpenguins
2021-03-04	528	palmerpenguins
2021-03-05	650	palmerpenguins
2021-03-06	598	palmerpenguins
2021-03-07	648	palmerpenguins
2021-03-08	1224	palmerpenguins
2021-03-09	759	palmerpenguins
2021-03-10	943	palmerpenguins
2021-03-11	1053	palmerpenguins
2021-03-12	920	palmerpenguins
2021-03-13	552	palmerpenguins
2021-03-14	579	palmerpenguins
2021-03-15	899	palmerpenguins
2021-03-16	844	palmerpenguins
2021-03-17	777	palmerpenguins
2021-03-18	826	palmerpenguins
2021-03-19	725	palmerpenguins
2021-03-20	524	palmerpenguins
2021-03-21	564	palmerpenguins
2021-03-22	794	palmerpenguins
2021-03-23	766	palmerpenguins
2021-03-24	782	palmerpenguins
2021-03-25	891	palmerpenguins
2021-03-26	753	palmerpenguins
2021-03-27	469	palmerpenguins
2021-03-28	560	palmerpenguins
2021-03-29	785	palmerpenguins
2021-03-30	838	palmerpenguins
2021-03-31	803	palmerpenguins
2021-04-01	697	palmerpenguins
2021-04-02	541	palmerpenguins
2021-04-03	421	palmerpenguins
2021-04-04	377	palmerpenguins
2021-04-05	629	palmerpenguins
2021-04-06	704	palmerpenguins
2021-04-07	730	palmerpenguins
2021-04-08	919	palmerpenguins
2021-04-09	697	palmerpenguins
2021-04-10	497	palmerpenguins
2021-04-11	463	palmerpenguins
2021-04-12	707	palmerpenguins
2021-04-13	679	palmerpenguins
2021-04-14	820	palmerpenguins
2021-04-15	852	palmerpenguins
2021-04-16	782	palmerpenguins
2021-04-17	556	palmerpenguins
2021-04-18	613	palmerpenguins
2021-04-19	795	palmerpenguins
2021-04-20	850	palmerpenguins
2021-04-21	832	palmerpenguins
2021-04-22	935	palmerpenguins
2021-04-23	800	palmerpenguins
2021-04-24	632	palmerpenguins
2021-04-25	549	palmerpenguins
2021-04-26	849	palmerpenguins
2021-04-27	825	palmerpenguins
2021-04-28	820	palmerpenguins
2021-04-29	749	palmerpenguins
2021-04-30	754	palmerpenguins
2021-05-01	432	palmerpenguins
2021-05-02	462	palmerpenguins
2021-05-03	660	palmerpenguins
2021-05-04	784	palmerpenguins
2021-05-05	774	palmerpenguins
2021-05-06	789	palmerpenguins
2021-05-07	800	palmerpenguins
2021-05-08	610	palmerpenguins
2021-05-09	525	palmerpenguins
2021-05-10	677	palmerpenguins
2021-05-11	692	palmerpenguins
2021-05-12	837	palmerpenguins
2021-05-13	773	palmerpenguins
2021-05-14	690	palmerpenguins
2021-05-15	504	palmerpenguins
2021-05-16	629	palmerpenguins
2021-05-17	917	palmerpenguins
2021-05-18	879	palmerpenguins
2021-05-19	1062	palmerpenguins
2021-05-20	1005	palmerpenguins
2021-05-21	869	palmerpenguins
2021-05-22	527	palmerpenguins
2021-05-23	539	palmerpenguins
2021-05-24	826	palmerpenguins
2021-05-25	897	palmerpenguins
2021-05-26	836	palmerpenguins
2021-05-27	738	palmerpenguins
2021-05-28	697	palmerpenguins
2021-05-29	586	palmerpenguins
2021-05-30	531	palmerpenguins
2021-05-31	743	palmerpenguins
2021-06-01	918	palmerpenguins
2021-06-02	773	palmerpenguins
2021-06-03	791	palmerpenguins
2021-06-04	714	palmerpenguins
2021-06-05	543	palmerpenguins
2021-06-06	488	palmerpenguins
2021-06-07	767	palmerpenguins
2021-06-08	898	palmerpenguins
2021-06-09	744	palmerpenguins
2021-06-10	830	palmerpenguins
2021-06-11	737	palmerpenguins
2021-06-12	515	palmerpenguins
2021-06-13	596	palmerpenguins
2021-06-14	814	palmerpenguins
2021-06-15	939	palmerpenguins
2021-06-16	839	palmerpenguins
2021-06-17	784	palmerpenguins
2021-06-18	674	palmerpenguins
2021-06-19	551	palmerpenguins
2021-06-20	596	palmerpenguins
2021-06-21	812	palmerpenguins
2021-06-22	1088	palmerpenguins
2021-06-23	974	palmerpenguins
2021-06-24	855	palmerpenguins
2021-06-25	777	palmerpenguins
2021-06-26	608	palmerpenguins
2021-06-27	765	palmerpenguins
2021-06-28	980	palmerpenguins
2021-06-29	812	palmerpenguins
2021-06-30	811	palmerpenguins
2021-07-01	844	palmerpenguins
2021-07-02	686	palmerpenguins
2021-07-03	675	palmerpenguins
2021-07-04	684	palmerpenguins
2021-07-05	803	palmerpenguins
2021-07-06	907	palmerpenguins
2021-07-07	967	palmerpenguins
2021-07-08	859	palmerpenguins
2021-07-09	763	palmerpenguins
2021-07-10	577	palmerpenguins
2021-07-11	500	palmerpenguins
2021-07-12	1020	palmerpenguins
2021-07-13	906	palmerpenguins
2021-07-14	853	palmerpenguins
2021-07-15	949	palmerpenguins
2021-07-16	671	palmerpenguins
2021-07-17	496	palmerpenguins
2021-07-18	569	palmerpenguins
2021-07-19	800	palmerpenguins
2021-07-20	872	palmerpenguins
2021-07-21	1024	palmerpenguins
2021-07-22	961	palmerpenguins
2021-07-23	784	palmerpenguins
2021-07-24	572	palmerpenguins
2021-07-25	644	palmerpenguins
2021-07-26	1290	palmerpenguins
2021-07-27	1106	palmerpenguins
2021-07-28	880	palmerpenguins
2021-07-29	813	palmerpenguins
2021-07-30	849	palmerpenguins
2021-07-31	596	palmerpenguins
2021-08-01	647	palmerpenguins
2021-08-02	886	palmerpenguins
2021-08-03	889	palmerpenguins
2021-08-04	1008	palmerpenguins
2021-08-05	916	palmerpenguins
2021-08-06	745	palmerpenguins
2021-08-07	461	palmerpenguins
2021-08-08	579	palmerpenguins
2021-08-09	1279	palmerpenguins
2021-08-10	1146	palmerpenguins
2021-08-11	989	palmerpenguins
2021-08-12	931	palmerpenguins
2021-08-13	750	palmerpenguins
2021-08-14	468	palmerpenguins
2021-08-15	460	palmerpenguins
2021-08-16	859	palmerpenguins
2021-08-17	746	palmerpenguins
2021-08-18	651	palmerpenguins
2021-08-19	752	palmerpenguins
2021-08-20	755	palmerpenguins
2021-08-21	405	palmerpenguins
2021-08-22	495	palmerpenguins
2021-08-23	813	palmerpenguins
2021-08-24	720	palmerpenguins
2021-08-25	928	palmerpenguins
2021-08-26	808	palmerpenguins
2021-08-27	753	palmerpenguins
2021-08-28	449	palmerpenguins
2021-08-29	425	palmerpenguins
2021-08-30	957	palmerpenguins
2021-08-31	966	palmerpenguins
2021-09-01	799	palmerpenguins
2021-09-02	1113	palmerpenguins
2021-09-03	828	palmerpenguins
2021-09-04	535	palmerpenguins
2021-09-05	564	palmerpenguins
2021-09-06	1055	palmerpenguins
2021-09-07	1029	palmerpenguins
2021-09-08	1097	palmerpenguins
2021-09-09	1537	palmerpenguins
2021-09-10	1119	palmerpenguins
2021-09-11	619	palmerpenguins
2021-09-12	584	palmerpenguins
2021-09-13	1815	palmerpenguins
2021-09-14	1279	palmerpenguins
2021-09-15	1169	palmerpenguins
2021-09-16	1135	palmerpenguins
2021-09-17	884	palmerpenguins
2021-09-18	612	palmerpenguins
2021-09-19	529	palmerpenguins
2021-09-20	1152	palmerpenguins
2021-09-21	1080	palmerpenguins
2021-09-22	1110	palmerpenguins
2021-09-23	1346	palmerpenguins
2021-09-24	955	palmerpenguins
2021-09-25	575	palmerpenguins
2021-09-26	647	palmerpenguins
2021-09-27	938	palmerpenguins
2021-09-28	1058	palmerpenguins
2021-09-29	1347	palmerpenguins
2021-09-30	1258	palmerpenguins
2021-10-01	974	palmerpenguins
2021-10-02	530	palmerpenguins
2021-10-03	532	palmerpenguins
2021-10-04	1023	palmerpenguins
2021-10-05	1268	palmerpenguins
2021-10-06	1140	palmerpenguins
2021-10-07	1111	palmerpenguins
2021-10-08	1033	palmerpenguins
2021-10-09	536	palmerpenguins
2021-10-10	570	palmerpenguins
2021-10-11	950	palmerpenguins
2021-10-12	1056	palmerpenguins
2021-10-13	1075	palmerpenguins
2021-10-14	937	palmerpenguins
2021-10-15	853	palmerpenguins
2021-10-16	460	palmerpenguins
2021-10-17	476	palmerpenguins
2021-10-18	1045	palmerpenguins
2021-10-19	1005	palmerpenguins
2021-10-20	895	palmerpenguins
2021-10-21	983	palmerpenguins
2021-10-22	933	palmerpenguins
2021-10-23	591	palmerpenguins
2021-10-24	606	palmerpenguins
2021-10-25	940	palmerpenguins
2021-10-26	1239	palmerpenguins
2021-10-27	1185	palmerpenguins
2021-10-28	949	palmerpenguins
2021-10-29	964	palmerpenguins
2021-10-30	455	palmerpenguins
2021-10-31	520	palmerpenguins
2021-11-01	958	palmerpenguins
2021-11-02	999	palmerpenguins
2021-11-03	966	palmerpenguins
2021-11-04	915	palmerpenguins
2021-11-05	885	palmerpenguins
2021-11-06	493	palmerpenguins
2021-11-07	495	palmerpenguins
2021-11-08	1181	palmerpenguins
2021-11-09	1015	palmerpenguins
2021-11-10	1370	palmerpenguins
2021-11-11	1131	palmerpenguins
2021-11-12	926	palmerpenguins
2021-11-13	637	palmerpenguins
2021-11-14	588	palmerpenguins
2021-11-15	1184	palmerpenguins
2021-11-16	1088	palmerpenguins
2021-11-17	1107	palmerpenguins
2021-11-18	987	palmerpenguins
2021-11-19	910	palmerpenguins
2021-11-20	518	palmerpenguins
2021-11-21	572	palmerpenguins
2021-11-22	930	palmerpenguins
2021-11-23	1091	palmerpenguins
2021-11-24	820	palmerpenguins
2021-11-25	799	palmerpenguins
2021-11-26	686	palmerpenguins
2021-11-27	548	palmerpenguins
2021-11-28	471	palmerpenguins
2021-11-29	789	palmerpenguins
2021-11-30	979	palmerpenguins
2021-12-01	911	palmerpenguins
2021-12-02	743	palmerpenguins
2021-12-03	925	palmerpenguins
2021-12-04	510	palmerpenguins
2021-12-05	486	palmerpenguins
2021-12-06	777	palmerpenguins
2021-12-07	907	palmerpenguins
2021-12-08	727	palmerpenguins
2021-12-09	826	palmerpenguins
2021-12-10	772	palmerpenguins
2021-12-11	542	palmerpenguins
2021-12-12	476	palmerpenguins
2021-12-13	740	palmerpenguins
2021-12-14	820	palmerpenguins
2021-12-15	680	palmerpenguins
2021-12-16	693	palmerpenguins
2021-12-17	818	palmerpenguins
2021-12-18	644	palmerpenguins
2021-12-19	559	palmerpenguins
2021-12-20	965	palmerpenguins
2021-12-21	880	palmerpenguins
2021-12-22	787	palmerpenguins
2021-12-23	630	palmerpenguins
2021-12-24	494	palmerpenguins
2021-12-25	384	palmerpenguins
2021-12-26	370	palmerpenguins
2021-12-27	578	palmerpenguins
2021-12-28	729	palmerpenguins
2021-12-29	699	palmerpenguins
2021-12-30	572	palmerpenguins
2021-12-31	424	palmerpenguins
2022-01-01	339	palmerpenguins
2022-01-02	387	palmerpenguins
2022-01-03	744	palmerpenguins
2022-01-04	969	palmerpenguins
2022-01-05	866	palmerpenguins
2022-01-06	938	palmerpenguins
2022-01-07	1153	palmerpenguins
2022-01-08	553	palmerpenguins
2022-01-09	603	palmerpenguins
2022-01-10	912	palmerpenguins
2022-01-11	1386	palmerpenguins
2022-01-12	1521	palmerpenguins
2022-01-13	1857	palmerpenguins
2022-01-14	1300	palmerpenguins
2022-01-15	633	palmerpenguins
2022-01-16	565	palmerpenguins
2022-01-17	1095	palmerpenguins
2022-01-18	1569	palmerpenguins
2022-01-19	1443	palmerpenguins
2022-01-20	1262	palmerpenguins
2022-01-21	1166	palmerpenguins
2022-01-22	852	palmerpenguins
2022-01-23	775	palmerpenguins
2022-01-24	1359	palmerpenguins
2022-01-25	1627	palmerpenguins
2022-01-26	1952	palmerpenguins
2022-01-27	1433	palmerpenguins
2022-01-28	1251	palmerpenguins
2022-01-29	599	palmerpenguins
2022-01-30	631	palmerpenguins
2022-01-31	1017	palmerpenguins
2022-02-01	1374	palmerpenguins
2022-02-02	1202	palmerpenguins
2022-02-03	1216	palmerpenguins
2022-02-04	1001	palmerpenguins
2022-02-05	759	palmerpenguins
2022-02-06	610	palmerpenguins
2022-02-07	1404	palmerpenguins
2022-02-08	1173	palmerpenguins
2022-02-09	1352	palmerpenguins
2022-02-10	1113	palmerpenguins
2022-02-11	1116	palmerpenguins
2022-02-12	535	palmerpenguins
2022-02-13	522	palmerpenguins
2022-02-14	1180	palmerpenguins
2022-02-15	1131	palmerpenguins
2022-02-16	1279	palmerpenguins
2022-02-17	1494	palmerpenguins
2022-02-18	1046	palmerpenguins
2022-02-19	594	palmerpenguins
2022-02-20	621	palmerpenguins
2022-02-21	1073	palmerpenguins
2022-02-22	1219	palmerpenguins
2022-02-23	1344	palmerpenguins
2022-02-24	1139	palmerpenguins
2022-02-25	1028	palmerpenguins
2022-02-26	534	palmerpenguins
2022-02-27	600	palmerpenguins
2022-02-28	974	palmerpenguins
2022-03-01	1331	palmerpenguins
2022-03-02	1401	palmerpenguins
2022-03-03	1230	palmerpenguins
2022-03-04	1011	palmerpenguins
2022-03-05	615	palmerpenguins
2022-03-06	832	palmerpenguins
2022-03-07	1336	palmerpenguins
2022-03-08	1198	palmerpenguins
2022-03-09	1348	palmerpenguins
2022-03-10	1212	palmerpenguins
2022-03-11	1113	palmerpenguins
2022-03-12	630	palmerpenguins
2022-03-13	641	palmerpenguins
2022-03-14	1022	palmerpenguins
2022-03-15	979	palmerpenguins
2022-03-16	1159	palmerpenguins
2022-03-17	1141	palmerpenguins
2022-03-18	1099	palmerpenguins
2022-03-19	703	palmerpenguins
2022-03-20	739	palmerpenguins
2022-03-21	1237	palmerpenguins
2022-03-22	1297	palmerpenguins
2022-03-23	1375	palmerpenguins
2022-03-24	1361	palmerpenguins
2022-03-25	1206	palmerpenguins
2022-03-26	758	palmerpenguins
2022-03-27	825	palmerpenguins
2022-03-28	1239	palmerpenguins
2022-03-29	1236	palmerpenguins
2022-03-30	1311	palmerpenguins
2022-03-31	1449	palmerpenguins
2022-04-01	1222	palmerpenguins
2022-04-02	607	palmerpenguins
2022-04-03	695	palmerpenguins
2022-04-04	1148	palmerpenguins
2022-04-05	1310	palmerpenguins
2022-04-06	1234	palmerpenguins
2022-04-07	1206	palmerpenguins
2022-04-08	1108	palmerpenguins
2022-04-09	598	palmerpenguins
2022-04-10	610	palmerpenguins
2022-04-11	1102	palmerpenguins
2022-04-12	1403	palmerpenguins
2022-04-13	1275	palmerpenguins
2022-04-14	1081	palmerpenguins
2022-04-15	845	palmerpenguins
2022-04-16	565	palmerpenguins
2022-04-17	517	palmerpenguins
2022-04-18	1045	palmerpenguins
2022-04-19	1180	palmerpenguins
2022-04-20	1244	palmerpenguins
2022-04-21	1161	palmerpenguins
2022-04-22	1175	palmerpenguins
2022-04-23	703	palmerpenguins
2022-04-24	687	palmerpenguins
2022-04-25	1240	palmerpenguins
2022-04-26	1290	palmerpenguins
2022-04-27	1223	palmerpenguins
2022-04-28	1258	palmerpenguins
2022-04-29	1106	palmerpenguins
2022-04-30	723	palmerpenguins
2022-05-01	647	palmerpenguins
2022-05-02	1184	palmerpenguins
2022-05-03	1272	palmerpenguins
2022-05-04	1081	palmerpenguins
2022-05-05	1143	palmerpenguins
2022-05-06	1210	palmerpenguins
2022-05-07	1221	palmerpenguins
2022-05-08	991	palmerpenguins
2022-05-09	1450	palmerpenguins
2022-05-10	1483	palmerpenguins
2022-05-11	1144	palmerpenguins
2022-05-12	1147	palmerpenguins
2022-05-13	1280	palmerpenguins
2022-05-14	825	palmerpenguins
2022-05-15	693	palmerpenguins
2022-05-16	1088	palmerpenguins
2022-05-17	1086	palmerpenguins
2022-05-18	1074	palmerpenguins
2022-05-19	1082	palmerpenguins
2022-05-20	1046	palmerpenguins
2022-05-21	557	palmerpenguins
2022-05-22	591	palmerpenguins
2022-05-23	931	palmerpenguins
2022-05-24	1135	palmerpenguins
2022-05-25	1070	palmerpenguins
2022-05-26	1046	palmerpenguins
2022-05-27	859	palmerpenguins
2022-05-28	564	palmerpenguins
2022-05-29	486	palmerpenguins
2022-05-30	869	palmerpenguins
2022-05-31	1105	palmerpenguins
2022-06-01	910	palmerpenguins
2022-06-02	1000	palmerpenguins
2022-06-03	883	palmerpenguins
2022-06-04	622	palmerpenguins
2022-06-05	537	palmerpenguins
2022-06-06	917	palmerpenguins
2022-06-07	1325	palmerpenguins
2022-06-08	1184	palmerpenguins
2022-06-09	1291	palmerpenguins
2022-06-10	1077	palmerpenguins
2022-06-11	550	palmerpenguins
2022-06-12	517	palmerpenguins
2022-06-13	872	palmerpenguins
2022-06-14	1146	palmerpenguins
2022-06-15	1051	palmerpenguins
2022-06-16	972	palmerpenguins
2022-06-17	790	palmerpenguins
2022-06-18	569	palmerpenguins
2022-06-19	518	palmerpenguins
2022-06-20	977	palmerpenguins
2022-06-21	2363	palmerpenguins
2022-06-22	2409	palmerpenguins
2022-06-23	7496	palmerpenguins
2022-06-24	14558	palmerpenguins
2022-06-25	661	palmerpenguins
2022-06-26	545	palmerpenguins
2022-06-27	945	palmerpenguins
2022-06-28	987	palmerpenguins
2022-06-29	973	palmerpenguins
2022-06-30	983	palmerpenguins
2022-07-01	768	palmerpenguins
2022-07-02	566	palmerpenguins
2022-07-03	485	palmerpenguins
2022-07-04	973	palmerpenguins
2022-07-05	1700	palmerpenguins
2022-07-06	1291	palmerpenguins
2022-07-07	1197	palmerpenguins
2022-07-08	933	palmerpenguins
2022-07-09	634	palmerpenguins
2022-07-10	613	palmerpenguins
2022-07-11	1220	palmerpenguins
2022-07-12	1086	palmerpenguins
2022-07-13	1026	palmerpenguins
2022-07-14	1147	palmerpenguins
2022-07-15	924	palmerpenguins
2022-07-16	615	palmerpenguins
2022-07-17	714	palmerpenguins
2022-07-18	1021	palmerpenguins
2022-07-19	1208	palmerpenguins
2022-07-20	1289	palmerpenguins
2022-07-21	1140	palmerpenguins
2022-07-22	905	palmerpenguins
2022-07-23	588	palmerpenguins
2022-07-24	749	palmerpenguins
2022-07-25	1389	palmerpenguins
2022-07-26	1429	palmerpenguins
2022-07-27	1200	palmerpenguins
2022-07-28	1269	palmerpenguins
2022-07-29	1231	palmerpenguins
2022-07-30	640	palmerpenguins
2022-07-31	686	palmerpenguins
2022-08-01	1559	palmerpenguins
2022-08-02	1599	palmerpenguins
2022-08-03	1492	palmerpenguins
2022-08-04	1398	palmerpenguins
2022-08-05	1275	palmerpenguins
2022-08-06	628	palmerpenguins
2022-08-07	635	palmerpenguins
2022-08-08	1083	palmerpenguins
2022-08-09	1350	palmerpenguins
2022-08-10	1112	palmerpenguins
2022-08-11	1126	palmerpenguins
2022-08-12	1012	palmerpenguins
2022-08-13	633	palmerpenguins
2022-08-14	619	palmerpenguins
2022-08-15	1635	palmerpenguins
2022-08-16	1885	palmerpenguins
2022-08-17	1482	palmerpenguins
2022-08-18	1557	palmerpenguins
2022-08-19	1308	palmerpenguins
2022-08-20	872	palmerpenguins
2022-08-21	907	palmerpenguins
2022-08-22	1755	palmerpenguins
2022-08-23	1777	palmerpenguins
2022-08-24	1747	palmerpenguins
2022-08-25	1527	palmerpenguins
2022-08-26	1363	palmerpenguins
2022-08-27	936	palmerpenguins
2022-08-28	900	palmerpenguins
2022-08-29	1567	palmerpenguins
2022-08-30	1714	palmerpenguins
2022-08-31	1584	palmerpenguins
2022-09-01	1545	palmerpenguins
2022-09-02	1380	palmerpenguins
2022-09-03	771	palmerpenguins
2022-09-04	714	palmerpenguins
2022-09-05	1301	palmerpenguins
2022-09-06	1564	palmerpenguins
2022-09-07	1426	palmerpenguins
2022-09-08	1655	palmerpenguins
2022-09-09	1346	palmerpenguins
2022-09-10	745	palmerpenguins
2022-09-11	831	palmerpenguins
2022-09-12	1611	palmerpenguins
2022-09-13	1696	palmerpenguins
2022-09-14	1681	palmerpenguins
2022-09-15	1840	palmerpenguins
2022-09-16	1467	palmerpenguins
2022-09-17	856	palmerpenguins
2022-09-18	806	palmerpenguins
2022-09-19	1652	palmerpenguins
2022-09-20	1795	palmerpenguins
2022-09-21	1724	palmerpenguins
2022-09-22	1624	palmerpenguins
2022-09-23	1528	palmerpenguins
2022-09-24	866	palmerpenguins
2022-09-25	851	palmerpenguins
2022-09-26	1613	palmerpenguins
2022-09-27	1862	palmerpenguins
2022-09-28	1772	palmerpenguins
2022-09-29	1567	palmerpenguins
2022-09-30	1516	palmerpenguins
2022-10-01	768	palmerpenguins
2022-10-02	885	palmerpenguins
2022-10-03	1595	palmerpenguins
2022-10-04	1935	palmerpenguins
2022-10-05	1716	palmerpenguins
2022-10-06	1588	palmerpenguins
2022-10-07	1517	palmerpenguins
2022-10-08	832	palmerpenguins
2022-10-09	888	palmerpenguins
2022-10-10	1565	palmerpenguins
2022-10-11	1683	palmerpenguins
2022-10-12	1648	palmerpenguins
2022-10-13	1631	palmerpenguins
2022-10-14	1475	palmerpenguins
2022-10-15	960	palmerpenguins
2022-10-16	869	palmerpenguins
2022-10-17	1789	palmerpenguins
2022-10-18	1781	palmerpenguins
2022-10-19	1767	palmerpenguins
2022-10-20	1837	palmerpenguins
2022-10-21	1857	palmerpenguins
2022-10-22	899	palmerpenguins
2022-10-23	841	palmerpenguins
2022-10-24	1774	palmerpenguins
2022-10-25	1798	palmerpenguins
2022-10-26	1521	palmerpenguins
2022-10-27	1391	palmerpenguins
2022-10-28	1372	palmerpenguins
2022-10-29	749	palmerpenguins
2022-10-30	689	palmerpenguins
2022-10-31	1469	palmerpenguins
2022-11-01	1491	palmerpenguins
2022-11-02	1834	palmerpenguins
2022-11-03	1502	palmerpenguins
2022-11-04	1648	palmerpenguins
2022-11-05	968	palmerpenguins
2022-11-06	975	palmerpenguins
2022-11-07	1777	palmerpenguins
2022-11-08	2032	palmerpenguins
2022-11-09	1901	palmerpenguins
2022-11-10	1819	palmerpenguins
2022-11-11	1422	palmerpenguins
2022-11-12	999	palmerpenguins
2022-11-13	929	palmerpenguins
2022-11-14	1656	palmerpenguins
2022-11-15	1682	palmerpenguins
2022-11-16	1436	palmerpenguins
2022-11-17	1616	palmerpenguins
2022-11-18	1490	palmerpenguins
2022-11-19	927	palmerpenguins
2022-11-20	1816	palmerpenguins
2022-11-21	1583	palmerpenguins
2022-11-22	1771	palmerpenguins
2022-11-23	1566	palmerpenguins
2022-11-24	1464	palmerpenguins
2022-11-25	1104	palmerpenguins
2022-11-26	754	palmerpenguins
2022-11-27	857	palmerpenguins
2022-11-28	1601	palmerpenguins
2022-11-29	1680	palmerpenguins
2022-11-30	1735	palmerpenguins
2022-12-01	1704	palmerpenguins
2022-12-02	1379	palmerpenguins
2022-12-03	809	palmerpenguins
2022-12-04	907	palmerpenguins
2022-12-05	1475	palmerpenguins
2022-12-06	1397	palmerpenguins
2022-12-07	1495	palmerpenguins
2022-12-08	1639	palmerpenguins
2022-12-09	1348	palmerpenguins
2022-12-10	922	palmerpenguins
2022-12-11	838	palmerpenguins
2022-12-12	1286	palmerpenguins
2022-12-13	1321	palmerpenguins
2022-12-14	1250	palmerpenguins
2022-12-15	1226	palmerpenguins
2022-12-16	1124	palmerpenguins
2022-12-17	628	palmerpenguins
2022-12-18	553	palmerpenguins
2022-12-19	1070	palmerpenguins
2022-12-20	1040	palmerpenguins
2022-12-21	1177	palmerpenguins
2022-12-22	1083	palmerpenguins
2022-12-23	844	palmerpenguins
2022-12-24	556	palmerpenguins
2022-12-25	475	palmerpenguins
2022-12-26	750	palmerpenguins
2022-12-27	793	palmerpenguins
2022-12-28	833	palmerpenguins
2022-12-29	841	palmerpenguins
2022-12-30	865	palmerpenguins
2022-12-31	586	palmerpenguins
2023-01-01	597	palmerpenguins
2023-01-02	1028	palmerpenguins
2023-01-03	1284	palmerpenguins
2023-01-04	1780	palmerpenguins
2023-01-05	1301	palmerpenguins
2023-01-06	1341	palmerpenguins
2023-01-07	1052	palmerpenguins
2023-01-08	1020	palmerpenguins
2023-01-09	1520	palmerpenguins
2023-01-10	1552	palmerpenguins
2023-01-11	1635	palmerpenguins
2023-01-12	1916	palmerpenguins
2023-01-13	1561	palmerpenguins
2023-01-14	884	palmerpenguins
2023-01-15	881	palmerpenguins
2023-01-16	1395	palmerpenguins
2023-01-17	1821	palmerpenguins
2023-01-18	1897	palmerpenguins
2023-01-19	1810	palmerpenguins
2023-01-20	1449	palmerpenguins
2023-01-21	858	palmerpenguins
2023-01-22	820	palmerpenguins
2023-01-23	1627	palmerpenguins
2023-01-24	1807	palmerpenguins
2023-01-25	2060	palmerpenguins
2023-01-26	1833	palmerpenguins
2023-01-27	1578	palmerpenguins
2023-01-28	885	palmerpenguins
2023-01-29	854	palmerpenguins
2023-01-30	1782	palmerpenguins
2023-01-31	1674	palmerpenguins
2023-02-01	1672	palmerpenguins
2023-02-02	1677	palmerpenguins
2023-02-03	1440	palmerpenguins
2023-02-04	736	palmerpenguins
2023-02-05	795	palmerpenguins
2023-02-06	1569	palmerpenguins
2023-02-07	1911	palmerpenguins
2023-02-08	1625	palmerpenguins
2023-02-09	1966	palmerpenguins
2023-02-10	1518	palmerpenguins
2023-02-11	869	palmerpenguins
2023-02-12	843	palmerpenguins
2023-02-13	1422	palmerpenguins
2023-02-14	1904	palmerpenguins
2023-02-15	1632	palmerpenguins
2023-02-16	1812	palmerpenguins
2023-02-17	1861	palmerpenguins
2023-02-18	790	palmerpenguins
2023-02-19	790	palmerpenguins
2023-02-20	1344	palmerpenguins
2023-02-21	1785	palmerpenguins
2023-02-22	1735	palmerpenguins
2023-02-23	1632	palmerpenguins
2023-02-24	1420	palmerpenguins
2023-02-25	762	palmerpenguins
2023-02-26	916	palmerpenguins
2023-02-27	1482	palmerpenguins
2023-02-28	1664	palmerpenguins
2023-03-01	1676	palmerpenguins
2023-03-02	1851	palmerpenguins
2023-03-03	1393	palmerpenguins
2023-03-04	876	palmerpenguins
2023-03-05	840	palmerpenguins
2023-03-06	1940	palmerpenguins
2023-03-07	1802	palmerpenguins
2023-03-08	1858	palmerpenguins
2023-03-09	1747	palmerpenguins
2023-03-10	1642	palmerpenguins
2023-03-11	877	palmerpenguins
2023-03-12	880	palmerpenguins
2023-03-13	1500	palmerpenguins
2023-03-14	1619	palmerpenguins
2023-03-15	1656	palmerpenguins
2023-03-16	1456	palmerpenguins
2023-03-17	1285	palmerpenguins
2023-03-18	786	palmerpenguins
2023-03-19	753	palmerpenguins
2023-03-20	1470	palmerpenguins
2023-03-21	1716	palmerpenguins
2023-03-22	1667	palmerpenguins
2023-03-23	1774	palmerpenguins
2023-03-24	1516	palmerpenguins
2023-03-25	838	palmerpenguins
2023-03-26	851	palmerpenguins
2023-03-27	1576	palmerpenguins
2023-03-28	1794	palmerpenguins
2023-03-29	1474	palmerpenguins
2023-03-30	1539	palmerpenguins
2023-03-31	1289	palmerpenguins
2023-04-01	821	palmerpenguins
2023-04-02	716	palmerpenguins
2023-04-03	1489	palmerpenguins
2023-04-04	1415	palmerpenguins
2023-04-05	1446	palmerpenguins
2023-04-06	1444	palmerpenguins
2023-04-07	1039	palmerpenguins
2023-04-08	729	palmerpenguins
2023-04-09	656	palmerpenguins
2023-04-10	1299	palmerpenguins
2023-04-11	1633	palmerpenguins
2023-04-12	1738	palmerpenguins
2023-04-13	1503	palmerpenguins
2023-04-14	1194	palmerpenguins
2023-04-15	788	palmerpenguins
2023-04-16	785	palmerpenguins
2023-04-17	1491	palmerpenguins
2023-04-18	2437	palmerpenguins
2023-04-19	1692	palmerpenguins
2023-04-20	1698	palmerpenguins
2023-04-21	1258	palmerpenguins
2023-04-22	940	palmerpenguins
2023-04-23	1060	palmerpenguins
2023-04-24	1803	palmerpenguins
2023-04-25	1736	palmerpenguins
2023-04-26	1755	palmerpenguins
2023-04-27	1566	palmerpenguins
2023-04-28	1494	palmerpenguins
2023-04-29	935	palmerpenguins
2023-04-30	768	palmerpenguins
2023-05-01	1167	palmerpenguins
2023-05-02	1536	palmerpenguins
2023-05-03	1606	palmerpenguins
2023-05-04	1777	palmerpenguins
2023-05-05	1471	palmerpenguins
2023-05-06	824	palmerpenguins
2023-05-07	725	palmerpenguins
2023-05-08	1506	palmerpenguins
2023-05-09	1515	palmerpenguins
2023-05-10	1495	palmerpenguins
2023-05-11	1405	palmerpenguins
2023-05-12	1755	palmerpenguins
2023-05-13	870	palmerpenguins
2023-05-14	772	palmerpenguins
2023-05-15	1547	palmerpenguins
2023-05-16	1574	palmerpenguins
2023-05-17	1425	palmerpenguins
2023-05-18	1208	palmerpenguins
2023-05-19	1097	palmerpenguins
2023-05-20	684	palmerpenguins
2023-05-21	812	palmerpenguins
2023-05-22	1419	palmerpenguins
2023-05-23	1421	palmerpenguins
2023-05-24	1490	palmerpenguins
2023-05-25	1463	palmerpenguins
2023-05-26	1245	palmerpenguins
2023-05-27	650	palmerpenguins
2023-05-28	646	palmerpenguins
2023-05-29	991	palmerpenguins
2023-05-30	1334	palmerpenguins
2023-05-31	1393	palmerpenguins
2023-06-01	1414	palmerpenguins
2023-06-02	1317	palmerpenguins
2023-06-03	789	palmerpenguins
2023-06-04	715	palmerpenguins
2023-06-05	1407	palmerpenguins
2023-06-06	1746	palmerpenguins
2023-06-07	1323	palmerpenguins
2023-06-08	1301	palmerpenguins
2023-06-09	1141	palmerpenguins
2023-06-10	729	palmerpenguins
2023-06-11	760	palmerpenguins
2023-06-12	1513	palmerpenguins
2023-06-13	1512	palmerpenguins
2023-06-14	1395	palmerpenguins
2023-06-15	1376	palmerpenguins
2023-06-16	1358	palmerpenguins
2023-06-17	896	palmerpenguins
2023-06-18	840	palmerpenguins
2023-06-19	1303	palmerpenguins
2023-06-20	1554	palmerpenguins
2023-06-21	1338	palmerpenguins
2023-06-22	1391	palmerpenguins
2023-06-23	1162	palmerpenguins
2023-06-24	705	palmerpenguins
2023-06-25	883	palmerpenguins
2023-06-26	1252	palmerpenguins
2023-06-27	1219	palmerpenguins
2023-06-28	1273	palmerpenguins
2023-06-29	1073	palmerpenguins
2023-06-30	1110	palmerpenguins
2023-07-01	581	palmerpenguins
2023-07-02	651	palmerpenguins
2023-07-03	1079	palmerpenguins
2023-07-04	839	palmerpenguins
2023-07-05	1068	palmerpenguins
2023-07-06	1106	palmerpenguins
2023-07-07	1033	palmerpenguins
2023-07-08	666	palmerpenguins
2023-07-09	553	palmerpenguins
2023-07-10	1343	palmerpenguins
2023-07-11	1188	palmerpenguins
2023-07-12	1262	palmerpenguins
2023-07-13	1015	palmerpenguins
2023-07-14	892	palmerpenguins
2023-07-15	589	palmerpenguins
2023-07-16	590	palmerpenguins
2023-07-17	1153	palmerpenguins
2023-07-18	1172	palmerpenguins
2023-07-19	1113	palmerpenguins
2023-07-20	998	palmerpenguins
2023-07-21	986	palmerpenguins
2023-07-22	615	palmerpenguins
2023-07-23	648	palmerpenguins
2023-07-24	1625	palmerpenguins
2023-07-25	1613	palmerpenguins
2023-07-26	1340	palmerpenguins
2023-07-27	1284	palmerpenguins
2023-07-28	1043	palmerpenguins
2023-07-29	1168	palmerpenguins
2023-07-30	719	palmerpenguins
2023-07-31	1799	palmerpenguins
2023-08-01	1831	palmerpenguins
2023-08-02	1577	palmerpenguins
2023-08-03	1442	palmerpenguins
2023-08-04	1563	palmerpenguins
2023-08-05	653	palmerpenguins
2023-08-06	732	palmerpenguins
2023-08-07	1296	palmerpenguins
2023-08-08	1215	palmerpenguins
2023-08-09	1315	palmerpenguins
2023-08-10	1219	palmerpenguins
2023-08-11	1045	palmerpenguins
2023-08-12	593	palmerpenguins
2023-08-13	719	palmerpenguins
2023-08-14	1268	palmerpenguins
2023-08-15	1269	palmerpenguins
2023-08-16	1239	palmerpenguins
2023-08-17	1366	palmerpenguins
2023-08-18	1163	palmerpenguins
2023-08-19	749	palmerpenguins
2023-08-20	716	palmerpenguins
2023-08-21	1303	palmerpenguins
2023-08-22	1308	palmerpenguins
2023-08-23	1564	palmerpenguins
2023-08-24	1375	palmerpenguins
2023-08-25	1427	palmerpenguins
2023-08-26	795	palmerpenguins
2023-08-27	772	palmerpenguins
2023-08-28	1728	palmerpenguins
2023-08-29	1653	palmerpenguins
2023-08-30	1982	palmerpenguins
2023-08-31	1698	palmerpenguins
2023-09-01	1329	palmerpenguins
2023-09-02	659	palmerpenguins
2023-09-03	803	palmerpenguins
2023-09-04	1333	palmerpenguins
2023-09-05	2163	palmerpenguins
2023-09-06	1844	palmerpenguins
2023-09-07	1970	palmerpenguins
2023-09-08	1570	palmerpenguins
2023-09-09	834	palmerpenguins
2023-09-10	845	palmerpenguins
2023-09-11	2101	palmerpenguins
2023-09-12	2096	palmerpenguins
2023-09-13	2216	palmerpenguins
2023-09-14	2276	palmerpenguins
2023-09-15	1776	palmerpenguins
2023-09-16	939	palmerpenguins
2023-09-17	944	palmerpenguins
2023-09-18	2058	palmerpenguins
2023-09-19	2238	palmerpenguins
2023-09-20	2379	palmerpenguins
2023-09-21	2117	palmerpenguins
2023-09-22	1577	palmerpenguins
2023-09-23	1039	palmerpenguins
2023-09-24	1099	palmerpenguins
2023-09-25	2030	palmerpenguins
2023-09-26	2578	palmerpenguins
2023-09-27	2211	palmerpenguins
2023-09-28	1821	palmerpenguins
2023-09-29	1529	palmerpenguins
2023-09-30	825	palmerpenguins
2023-10-01	997	palmerpenguins
2023-10-02	2558	palmerpenguins
2023-10-03	2218	palmerpenguins
2023-10-04	2479	palmerpenguins
2023-10-05	1980	palmerpenguins
2023-10-06	1906	palmerpenguins
2023-10-07	871	palmerpenguins
2023-10-08	1151	palmerpenguins
2023-10-09	1815	palmerpenguins
2023-10-10	1896	palmerpenguins
2023-10-11	1924	palmerpenguins
2023-10-12	1940	palmerpenguins
2023-10-13	1822	palmerpenguins
2023-10-14	1054	palmerpenguins
2023-10-15	963	palmerpenguins
2023-10-16	2138	palmerpenguins
2023-10-17	2368	palmerpenguins
2023-10-18	2295	palmerpenguins
2023-10-19	2210	palmerpenguins
2023-10-20	1976	palmerpenguins
2023-10-21	896	palmerpenguins
2023-10-22	899	palmerpenguins
2023-10-23	1897	palmerpenguins
2023-10-24	2080	palmerpenguins
2023-10-25	2334	palmerpenguins
2023-10-26	1776	palmerpenguins
2023-10-27	1606	palmerpenguins
2023-10-28	1014	palmerpenguins
2023-10-29	1028	palmerpenguins
2023-10-30	1885	palmerpenguins
2023-10-31	2134	palmerpenguins
2023-11-01	1835	palmerpenguins
2023-11-02	2063	palmerpenguins
2023-11-03	1379	palmerpenguins
2023-11-04	930	palmerpenguins
2023-11-05	1015	palmerpenguins
2023-11-06	1814	palmerpenguins
2023-11-07	1909	palmerpenguins
2023-11-08	1977	palmerpenguins
2023-11-09	2161	palmerpenguins
2023-11-10	1467	palmerpenguins
2023-11-11	895	palmerpenguins
2023-11-12	951	palmerpenguins
2023-11-13	2116	palmerpenguins
2023-11-14	1991	palmerpenguins
2023-11-15	1826	palmerpenguins
2023-11-16	1462	palmerpenguins
2023-11-17	1338	palmerpenguins
2023-11-18	768	palmerpenguins
2023-11-19	808	palmerpenguins
2023-11-20	1919	palmerpenguins
2023-11-21	1618	palmerpenguins
2023-11-22	1618	palmerpenguins
2023-11-23	1249	palmerpenguins
2023-11-24	1404	palmerpenguins
2023-11-25	784	palmerpenguins
2023-11-26	820	palmerpenguins
2023-11-27	1745	palmerpenguins
2023-11-28	1866	palmerpenguins
2023-11-29	1826	palmerpenguins
2023-11-30	1917	palmerpenguins
2023-12-01	1368	palmerpenguins
2023-12-02	857	palmerpenguins
2023-12-03	909	palmerpenguins
2023-12-04	1638	palmerpenguins
2023-12-05	2060	palmerpenguins
2023-12-06	2038	palmerpenguins
2023-12-07	1546	palmerpenguins
2023-12-08	1379	palmerpenguins
2023-12-09	924	palmerpenguins
2023-12-10	922	palmerpenguins
2023-12-11	1482	palmerpenguins
2023-12-12	1387	palmerpenguins
2023-12-13	1513	palmerpenguins
2023-12-14	1554	palmerpenguins
2023-12-15	1143	palmerpenguins
2023-12-16	879	palmerpenguins
2023-12-17	697	palmerpenguins
2023-12-18	1367	palmerpenguins
2023-12-19	1207	palmerpenguins
2023-12-20	1200	palmerpenguins
2023-12-21	1105	palmerpenguins
2023-12-22	840	palmerpenguins
2023-12-23	569	palmerpenguins
2023-12-24	605	palmerpenguins
2023-12-25	606	palmerpenguins
2023-12-26	847	palmerpenguins
2023-12-27	990	palmerpenguins
2023-12-28	819	palmerpenguins
2023-12-29	706	palmerpenguins
2023-12-30	600	palmerpenguins
2023-12-31	522	palmerpenguins
2024-01-01	493	palmerpenguins
2024-01-02	864	palmerpenguins
2024-01-03	1189	palmerpenguins
2024-01-04	1121	palmerpenguins
2024-01-05	1011	palmerpenguins
2024-01-06	739	palmerpenguins
2024-01-07	777	palmerpenguins
2024-01-08	1284	palmerpenguins
2024-01-09	1548	palmerpenguins
2024-01-10	1497	palmerpenguins
2024-01-11	1814	palmerpenguins
2024-01-12	1434	palmerpenguins
2024-01-13	798	palmerpenguins
2024-01-14	884	palmerpenguins
2024-01-15	1366	palmerpenguins
2024-01-16	1902	palmerpenguins
2024-01-17	1903	palmerpenguins
2024-01-18	1907	palmerpenguins
2024-01-19	2832	palmerpenguins
2024-01-20	1137	palmerpenguins
2024-01-21	2462	palmerpenguins
2024-01-22	2040	palmerpenguins
2024-01-23	2134	palmerpenguins
2024-01-24	2426	palmerpenguins
2024-01-25	2261	palmerpenguins
2024-01-26	1768	palmerpenguins
2024-01-27	854	palmerpenguins
2024-01-28	861	palmerpenguins
2024-01-29	1985	palmerpenguins
2024-01-30	1619	palmerpenguins
2024-01-31	1831	palmerpenguins
2024-02-01	1777	palmerpenguins
2024-02-02	1343	palmerpenguins
2024-02-03	761	palmerpenguins
2024-02-04	817	palmerpenguins
2024-02-05	1754	palmerpenguins
2024-02-06	2016	palmerpenguins
2024-02-07	1849	palmerpenguins
2024-02-08	2041	palmerpenguins
2024-02-09	1328	palmerpenguins
2024-02-10	769	palmerpenguins
2024-02-11	778	palmerpenguins
2024-02-12	1584	palmerpenguins
2024-02-13	1757	palmerpenguins
2024-02-14	1823	palmerpenguins
2024-02-15	1715	palmerpenguins
2024-02-16	1696	palmerpenguins
2024-02-17	1009	palmerpenguins
2024-02-18	804	palmerpenguins
2024-02-19	1677	palmerpenguins
2024-02-20	1704	palmerpenguins
2024-02-21	1751	palmerpenguins
2024-02-22	1817	palmerpenguins
2024-02-23	1320	palmerpenguins
2024-02-24	748	palmerpenguins
2024-02-25	770	palmerpenguins
2024-02-26	1908	palmerpenguins
2024-02-27	2296	palmerpenguins
2024-02-28	1848	palmerpenguins
2024-02-29	2272	palmerpenguins
2024-03-01	1632	palmerpenguins
2024-03-02	835	palmerpenguins
2024-03-03	1095	palmerpenguins
2024-03-04	2450	palmerpenguins
2024-03-05	2274	palmerpenguins
2024-03-06	2524	palmerpenguins
2024-03-07	2118	palmerpenguins
2024-03-08	1619	palmerpenguins
2024-03-09	838	palmerpenguins
2024-03-10	794	palmerpenguins
2024-03-11	1724	palmerpenguins
2024-03-12	1423	palmerpenguins
2024-03-13	1620	palmerpenguins
2024-03-14	1829	palmerpenguins
2024-03-15	1584	palmerpenguins
2024-03-16	783	palmerpenguins
2024-03-17	875	palmerpenguins
2024-03-18	1547	palmerpenguins
2024-03-19	1770	palmerpenguins
2024-03-20	1953	palmerpenguins
2024-03-21	2071	palmerpenguins
2024-03-22	1192	palmerpenguins
2024-03-23	751	palmerpenguins
2024-03-24	745	palmerpenguins
2024-03-25	1502	palmerpenguins
2024-03-26	1453	palmerpenguins
2024-03-27	1869	palmerpenguins
2024-03-28	1551	palmerpenguins
2024-03-29	1130	palmerpenguins
2024-03-30	829	palmerpenguins
2024-03-31	704	palmerpenguins
2024-04-01	1369	palmerpenguins
2024-04-02	2287	palmerpenguins
2024-04-03	1667	palmerpenguins
2024-04-04	1597	palmerpenguins
2024-04-05	1176	palmerpenguins
2024-04-06	795	palmerpenguins
2024-04-07	835	palmerpenguins
2024-04-08	1953	palmerpenguins
2024-04-09	1827	palmerpenguins
2024-04-10	1734	palmerpenguins
2024-04-11	1693	palmerpenguins
2024-04-12	1346	palmerpenguins
2024-04-13	851	palmerpenguins
2024-04-14	703	palmerpenguins
2024-04-15	1564	palmerpenguins
2024-04-16	1796	palmerpenguins
2024-04-17	2220	palmerpenguins
2024-04-18	1790	palmerpenguins
2024-04-19	1863	palmerpenguins
2024-04-20	1018	palmerpenguins
2024-04-21	830	palmerpenguins
2024-04-22	2087	palmerpenguins
2024-04-23	1638	palmerpenguins
2024-04-24	1790	palmerpenguins
2024-04-25	1658	palmerpenguins
2024-04-26	1731	palmerpenguins
2024-04-27	869	palmerpenguins
2024-04-28	828	palmerpenguins
2024-04-29	1771	palmerpenguins
2024-04-30	1501	palmerpenguins
2024-05-01	2080	palmerpenguins
2024-05-02	1636	palmerpenguins
2024-05-03	1418	palmerpenguins
2024-05-04	759	palmerpenguins
2024-05-05	915	palmerpenguins
2024-05-06	1533	palmerpenguins
2024-05-07	1506	palmerpenguins
2024-05-08	1650	palmerpenguins
2024-05-09	1351	palmerpenguins
2024-05-10	1370	palmerpenguins
2024-05-11	653	palmerpenguins
2024-05-12	752	palmerpenguins
2024-05-13	1516	palmerpenguins
2024-05-14	1713	palmerpenguins
2024-05-15	1547	palmerpenguins
2024-05-16	1528	palmerpenguins
2024-05-17	1418	palmerpenguins
2024-05-18	749	palmerpenguins
2024-05-19	686	palmerpenguins
2024-05-20	1165	palmerpenguins
2024-05-21	1432	palmerpenguins
2024-05-22	1508	palmerpenguins
2024-05-23	1320	palmerpenguins
2024-05-24	1245	palmerpenguins
2024-05-25	700	palmerpenguins
2024-05-26	833	palmerpenguins
2024-05-27	1103	palmerpenguins
2024-05-28	1481	palmerpenguins
2024-05-29	1659	palmerpenguins
2024-05-30	1736	palmerpenguins
2024-05-31	1238	palmerpenguins
2024-06-01	727	palmerpenguins
2024-06-02	710	palmerpenguins
2024-06-03	1424	palmerpenguins
2024-06-04	1399	palmerpenguins
2024-06-05	1310	palmerpenguins
2024-06-06	1438	palmerpenguins
2024-06-07	1298	palmerpenguins
2024-06-08	908	palmerpenguins
2024-06-09	666	palmerpenguins
2024-06-10	1352	palmerpenguins
2024-06-11	1525	palmerpenguins
2024-06-12	1430	palmerpenguins
2024-06-13	1267	palmerpenguins
2024-06-14	1203	palmerpenguins
2024-06-15	651	palmerpenguins
2024-06-16	644	palmerpenguins
2024-06-17	1333	palmerpenguins
2024-06-18	1290	palmerpenguins
2024-06-19	1218	palmerpenguins
2024-06-20	1346	palmerpenguins
2024-06-21	1257	palmerpenguins
2024-06-22	682	palmerpenguins
2024-06-23	649	palmerpenguins
2024-06-24	1229	palmerpenguins
2024-06-25	1548	palmerpenguins
2024-06-26	1492	palmerpenguins
2024-06-27	1393	palmerpenguins
2024-06-28	1261	palmerpenguins
2024-06-29	632	palmerpenguins
2024-06-30	740	palmerpenguins
2024-07-01	1334	palmerpenguins
2024-07-02	1283	palmerpenguins
2024-07-03	1251	palmerpenguins
2024-07-04	1345	palmerpenguins
2024-07-05	1145	palmerpenguins
2024-07-06	582	palmerpenguins
2024-07-07	654	palmerpenguins
2024-07-08	1296	palmerpenguins
2024-07-09	1346	palmerpenguins
2024-07-10	1363	palmerpenguins
2024-07-11	1140	palmerpenguins
2024-07-12	955	palmerpenguins
2024-07-13	654	palmerpenguins
2024-07-14	614	palmerpenguins
2024-07-15	1314	palmerpenguins
2024-07-16	1132	palmerpenguins
2024-07-17	1230	palmerpenguins
2024-07-18	1327	palmerpenguins
2024-07-19	1051	palmerpenguins
2024-07-20	628	palmerpenguins
2024-07-21	631	palmerpenguins
2024-07-22	1564	palmerpenguins
2024-07-23	1277	palmerpenguins
2024-07-24	1297	palmerpenguins
2024-07-25	1494	palmerpenguins
2024-07-26	980	palmerpenguins
2024-07-27	522	palmerpenguins
2024-07-28	853	palmerpenguins
2024-07-29	1746	palmerpenguins
2024-07-30	1502	palmerpenguins
2024-07-31	1672	palmerpenguins
2024-08-01	1500	palmerpenguins
2024-08-02	1179	palmerpenguins
2024-08-03	793	palmerpenguins
2024-08-04	839	palmerpenguins
2024-08-05	1344	palmerpenguins
2024-08-06	1426	palmerpenguins
2024-08-07	1365	palmerpenguins
2024-08-08	1480	palmerpenguins
2024-08-09	1205	palmerpenguins
2024-08-10	697	palmerpenguins
2024-08-11	717	palmerpenguins
2024-08-12	1521	palmerpenguins
2024-08-13	1242	palmerpenguins
2024-08-14	1462	palmerpenguins
2024-08-15	1224	palmerpenguins
2024-08-16	973	palmerpenguins
2024-08-17	672	palmerpenguins
2024-08-18	668	palmerpenguins
2024-08-19	1304	palmerpenguins
2024-08-20	1399	palmerpenguins
2024-08-21	1432	palmerpenguins
2024-08-22	1465	palmerpenguins
2024-08-23	1287	palmerpenguins
2024-08-24	1046	palmerpenguins
2024-08-25	727	palmerpenguins
2024-08-26	1543	palmerpenguins
2024-08-27	1909	palmerpenguins
2024-08-28	1908	palmerpenguins
2024-08-29	2048	palmerpenguins
2024-08-30	1684	palmerpenguins
2024-08-31	960	palmerpenguins
2024-09-01	780	palmerpenguins
2024-09-02	1627	palmerpenguins
2024-09-03	2176	palmerpenguins
2024-09-04	2462	palmerpenguins
2024-09-05	2166	palmerpenguins
2024-09-06	1714	palmerpenguins
2024-09-07	1014	palmerpenguins
2024-09-08	1006	palmerpenguins
2024-09-09	2690	palmerpenguins
2024-09-10	3265	palmerpenguins
2024-09-11	2869	palmerpenguins
2024-09-12	2293	palmerpenguins
2024-09-13	2225	palmerpenguins
2024-09-14	915	palmerpenguins
2024-09-15	889	palmerpenguins
2024-09-16	1991	palmerpenguins
2024-09-17	2365	palmerpenguins
2024-09-18	2067	palmerpenguins
2024-09-19	2112	palmerpenguins
2024-09-20	1652	palmerpenguins
2024-09-21	1237	palmerpenguins
2024-09-22	1188	palmerpenguins
2024-09-23	2184	palmerpenguins
2024-09-24	2353	palmerpenguins
2024-09-25	2728	palmerpenguins
2024-09-26	2142	palmerpenguins
2024-09-27	1880	palmerpenguins
2024-09-28	915	palmerpenguins
2024-09-29	1059	palmerpenguins
2024-09-30	2742	palmerpenguins
2024-10-01	2148	palmerpenguins
2024-10-02	2296	palmerpenguins
2024-10-03	1979	palmerpenguins
2024-10-04	1718	palmerpenguins
2024-10-05	836	palmerpenguins
2024-10-06	1026	palmerpenguins
2024-10-07	2311	palmerpenguins
2024-10-08	2166	palmerpenguins
2024-10-09	2530	palmerpenguins
2024-10-10	2350	palmerpenguins
2024-10-11	2453	palmerpenguins
2024-10-12	848	palmerpenguins
2024-10-13	913	palmerpenguins
2024-10-14	1900	palmerpenguins
2024-10-15	2325	palmerpenguins
2024-10-16	2541	palmerpenguins
2024-10-17	2258	palmerpenguins
2024-10-18	1967	palmerpenguins
2024-10-19	1065	palmerpenguins
2024-10-20	897	palmerpenguins
2024-10-21	2309	palmerpenguins
2024-10-22	2805	palmerpenguins
2024-10-23	2454	palmerpenguins
2024-10-24	2107	palmerpenguins
2024-10-25	1984	palmerpenguins
2024-10-26	1167	palmerpenguins
2024-10-27	1304	palmerpenguins
2024-10-28	2037	palmerpenguins
2024-10-29	2155	palmerpenguins
2024-10-30	1879	palmerpenguins
2024-10-31	1862	palmerpenguins
2024-11-01	1552	palmerpenguins
2024-11-02	1276	palmerpenguins
2024-11-03	1112	palmerpenguins
2024-11-04	2066	palmerpenguins
2024-11-05	2294	palmerpenguins
2024-11-06	1876	palmerpenguins
2024-11-07	2058	palmerpenguins
2024-11-08	1717	palmerpenguins
2024-11-09	878	palmerpenguins
2024-11-10	1087	palmerpenguins
2024-11-11	1770	palmerpenguins
2024-11-12	2050	palmerpenguins
2024-11-13	1781	palmerpenguins
2024-11-14	2045	palmerpenguins
2024-11-15	1527	palmerpenguins
2024-11-16	675	palmerpenguins
2024-11-17	1083	palmerpenguins
2024-11-18	2231	palmerpenguins
2024-11-19	1680	palmerpenguins
2024-11-20	1888	palmerpenguins
2024-11-21	2041	palmerpenguins
2024-11-22	1660	palmerpenguins
2024-11-23	789	palmerpenguins
2024-11-24	1032	palmerpenguins
2024-11-25	1736	palmerpenguins
2024-11-26	1924	palmerpenguins
2024-11-27	1874	palmerpenguins
2024-11-28	1587	palmerpenguins
2024-11-29	1577	palmerpenguins
2024-11-30	2093	palmerpenguins
2024-12-01	2069	palmerpenguins
2024-12-02	2582	palmerpenguins
2024-12-03	2758	palmerpenguins
2024-12-04	2465	palmerpenguins
2024-12-05	1878	palmerpenguins
2024-12-06	1903	palmerpenguins
2024-12-07	1235	palmerpenguins
2024-12-08	1083	palmerpenguins
2024-12-09	1601	palmerpenguins
2024-12-10	1494	palmerpenguins
2024-12-11	1517	palmerpenguins
2024-12-12	1578	palmerpenguins
2024-12-13	1161	palmerpenguins
2024-12-14	754	palmerpenguins
2024-12-15	909	palmerpenguins
2024-12-16	1325	palmerpenguins
2024-12-17	1552	palmerpenguins
2024-12-18	1468	palmerpenguins
2024-12-19	1158	palmerpenguins
2024-12-20	1132	palmerpenguins
2024-12-21	754	palmerpenguins
2024-12-22	699	palmerpenguins
2024-12-23	879	palmerpenguins
2024-12-24	763	palmerpenguins
2024-12-25	608	palmerpenguins
2024-12-26	850	palmerpenguins
2024-12-27	1115	palmerpenguins
2024-12-28	825	palmerpenguins
2024-12-29	1006	palmerpenguins
2024-12-30	1099	palmerpenguins
2024-12-31	688	palmerpenguins
2025-01-01	520	palmerpenguins
2025-01-02	993	palmerpenguins
2025-01-03	1039	palmerpenguins
2025-01-04	706	palmerpenguins
2025-01-05	575	palmerpenguins
2025-01-06	1361	palmerpenguins
2025-01-07	1713	palmerpenguins
2025-01-08	1764	palmerpenguins
2025-01-09	1794	palmerpenguins
2025-01-10	1732	palmerpenguins
2025-01-11	1044	palmerpenguins
2025-01-12	776	palmerpenguins
2025-01-13	1810	palmerpenguins
2025-01-14	1893	palmerpenguins
2025-01-15	2067	palmerpenguins
2025-01-16	1880	palmerpenguins
2025-01-17	1788	palmerpenguins
2025-01-18	807	palmerpenguins
2025-01-19	810	palmerpenguins
2025-01-20	1472	palmerpenguins
2025-01-21	1880	palmerpenguins
2025-01-22	2311	palmerpenguins
2025-01-23	2011	palmerpenguins
2025-01-24	1823	palmerpenguins
2025-01-25	830	palmerpenguins
2025-01-26	1095	palmerpenguins
2025-01-27	1885	palmerpenguins
2025-01-28	2090	palmerpenguins
2025-01-29	2433	palmerpenguins
2025-01-30	2189	palmerpenguins
2025-01-31	2152	palmerpenguins
2025-02-01	1105	palmerpenguins
2025-02-02	1064	palmerpenguins
2025-02-03	1974	palmerpenguins
2025-02-04	2707	palmerpenguins
2025-02-05	2059	palmerpenguins
2025-02-06	2017	palmerpenguins
2025-02-07	2146	palmerpenguins
2025-02-08	1010	palmerpenguins
2025-02-09	811	palmerpenguins
2025-02-10	2128	palmerpenguins
2025-02-11	2335	palmerpenguins
2025-02-12	2176	palmerpenguins
2025-02-13	2398	palmerpenguins
2025-02-14	1855	palmerpenguins
2025-02-15	826	palmerpenguins
2025-02-16	826	palmerpenguins
2025-02-17	2021	palmerpenguins
2025-02-18	2516	palmerpenguins
2025-02-19	2018	palmerpenguins
2025-02-20	2178	palmerpenguins
2025-02-21	2341	palmerpenguins
2025-02-22	1168	palmerpenguins
2025-02-23	1050	palmerpenguins
2025-02-24	2213	palmerpenguins
2025-02-25	2038	palmerpenguins
2025-02-26	2172	palmerpenguins
2025-02-27	1951	palmerpenguins
2025-02-28	1749	palmerpenguins
2025-03-01	819	palmerpenguins
2025-03-02	859	palmerpenguins
2025-03-03	2054	palmerpenguins
2025-03-04	1996	palmerpenguins
2025-03-05	1898	palmerpenguins
2025-03-06	1975	palmerpenguins
2025-03-07	1442	palmerpenguins
2025-03-08	903	palmerpenguins
2025-03-09	1070	palmerpenguins
2025-03-10	2357	palmerpenguins
2025-03-11	1966	palmerpenguins
2025-03-12	1925	palmerpenguins
2025-03-13	1949	palmerpenguins
2025-03-14	1718	palmerpenguins
2025-03-15	976	palmerpenguins
2025-03-16	954	palmerpenguins
2025-03-17	1849	palmerpenguins
2025-03-18	1893	palmerpenguins
2025-03-19	1948	palmerpenguins
2025-03-20	2279	palmerpenguins
2025-03-21	1636	palmerpenguins
2025-03-22	1057	palmerpenguins
2025-03-23	943	palmerpenguins
2025-03-24	2344	palmerpenguins
2025-03-25	1988	palmerpenguins
2025-03-26	1884	palmerpenguins
2025-03-27	2250	palmerpenguins
2025-03-28	1755	palmerpenguins
2025-03-29	836	palmerpenguins
2025-03-30	1099	palmerpenguins
2025-03-31	2221	palmerpenguins
2025-04-01	2095	palmerpenguins
2025-04-02	2014	palmerpenguins
2025-04-03	1937	palmerpenguins
2025-04-04	1616	palmerpenguins
2025-04-05	971	palmerpenguins
2025-04-06	936	palmerpenguins
2025-04-07	1951	palmerpenguins
2025-04-08	2602	palmerpenguins
2025-04-09	2452	palmerpenguins
2025-04-10	1915	palmerpenguins
2025-04-11	1782	palmerpenguins
2025-04-12	998	palmerpenguins
2025-04-13	1041	palmerpenguins
2025-04-14	2156	palmerpenguins
2025-04-15	1911	palmerpenguins
2025-04-16	2127	palmerpenguins
2025-04-17	1733	palmerpenguins
2025-04-18	1191	palmerpenguins
2025-04-19	824	palmerpenguins
2025-04-20	737	palmerpenguins
2025-04-21	1829	palmerpenguins
2025-04-22	1873	palmerpenguins
2025-04-23	2089	palmerpenguins
2025-04-24	2168	palmerpenguins
2025-04-25	2022	palmerpenguins
2025-04-26	1167	palmerpenguins
2025-04-27	1626	palmerpenguins
2025-04-28	2100	palmerpenguins
2025-04-29	1964	palmerpenguins
2025-04-30	1768	palmerpenguins
2025-05-01	1297	palmerpenguins
2025-05-02	1474	palmerpenguins
2025-05-03	1038	palmerpenguins
2025-05-04	1114	palmerpenguins
2025-05-05	1995	palmerpenguins
2025-05-06	2109	palmerpenguins
2025-05-07	1960	palmerpenguins
2025-05-08	2037	palmerpenguins
2025-05-09	1900	palmerpenguins
2025-05-10	766	palmerpenguins
2025-05-11	876	palmerpenguins
2025-05-12	2023	palmerpenguins
2025-05-13	1829	palmerpenguins
2025-05-14	1853	palmerpenguins
2025-05-15	1591	palmerpenguins
2025-05-16	1578	palmerpenguins
2025-05-17	1078	palmerpenguins
2025-05-18	998	palmerpenguins
2025-05-19	1514	palmerpenguins
2025-05-20	1718	palmerpenguins
2025-05-21	1635	palmerpenguins
2025-05-22	1278	palmerpenguins
2025-05-23	1253	palmerpenguins
2025-05-24	859	palmerpenguins
2025-05-25	960	palmerpenguins
2025-05-26	1521	palmerpenguins
2025-05-27	1862	palmerpenguins
2025-05-28	1658	palmerpenguins
2025-05-29	1321	palmerpenguins
2025-05-30	1269	palmerpenguins
2025-05-31	819	palmerpenguins
2025-06-01	744	palmerpenguins
2025-06-02	1575	palmerpenguins
2025-06-03	1737	palmerpenguins
2025-06-04	1676	palmerpenguins
2025-06-05	2203	palmerpenguins
2025-06-06	1236	palmerpenguins
2025-06-07	915	palmerpenguins
2025-06-08	889	palmerpenguins
2025-06-09	1403	palmerpenguins
2025-06-10	1773	palmerpenguins
2025-06-11	1379	palmerpenguins
2025-06-12	1709	palmerpenguins
2025-06-13	1461	palmerpenguins
2025-06-14	839	palmerpenguins
2025-06-15	841	palmerpenguins
2025-06-16	1398	palmerpenguins
2025-06-17	1678	palmerpenguins
2025-06-18	1477	palmerpenguins
2025-06-19	1208	palmerpenguins
2025-06-20	1113	palmerpenguins
2025-06-21	627	palmerpenguins
2025-06-22	742	palmerpenguins
2025-06-23	1524	palmerpenguins
2025-06-24	1426	palmerpenguins
2025-06-25	1684	palmerpenguins
2025-06-26	1433	palmerpenguins
2025-06-27	1268	palmerpenguins
2025-06-28	747	palmerpenguins
2025-06-29	699	palmerpenguins
2025-06-30	1374	palmerpenguins
2025-07-01	1582	palmerpenguins
2025-07-02	1349	palmerpenguins
2025-07-03	1082	palmerpenguins
2025-07-04	1048	palmerpenguins
2025-07-05	788	palmerpenguins
2025-07-06	768	palmerpenguins
2025-07-07	1472	palmerpenguins
2025-07-08	1432	palmerpenguins
2025-07-09	1409	palmerpenguins
2025-07-10	1495	palmerpenguins
2025-07-11	1197	palmerpenguins
2025-07-12	643	palmerpenguins
2025-07-13	888	palmerpenguins
2025-07-14	1376	palmerpenguins
2025-07-15	1456	palmerpenguins
2025-07-16	1329	palmerpenguins
2025-07-17	1475	palmerpenguins
2025-07-18	1552	palmerpenguins
2025-07-19	815	palmerpenguins
2025-07-20	699	palmerpenguins
2025-07-21	1396	palmerpenguins
2025-07-22	1658	palmerpenguins
2025-07-23	1540	palmerpenguins
2025-07-24	1370	palmerpenguins
2025-07-25	1372	palmerpenguins
2025-07-26	714	palmerpenguins
2025-07-27	763	palmerpenguins
2025-07-28	1462	palmerpenguins
2025-07-29	1590	palmerpenguins
2025-07-30	1503	palmerpenguins
2025-07-31	1722	palmerpenguins
2025-08-01	1631	palmerpenguins
2025-08-02	790	palmerpenguins
2025-08-03	867	palmerpenguins
2025-08-04	2085	palmerpenguins
2025-08-05	1985	palmerpenguins
2025-08-06	1673	palmerpenguins
2025-08-07	1328	palmerpenguins
2025-08-08	1376	palmerpenguins
2025-08-09	959	palmerpenguins
2025-08-10	885	palmerpenguins
2025-08-11	1690	palmerpenguins
2025-08-12	1732	palmerpenguins
2025-08-13	1376	palmerpenguins
2025-08-14	1469	palmerpenguins
2025-08-15	1425	palmerpenguins
2025-08-16	1199	palmerpenguins
2025-08-17	749	palmerpenguins
2025-08-18	1426	palmerpenguins
2025-08-19	1489	palmerpenguins
2025-08-20	1660	palmerpenguins
2025-08-21	1411	palmerpenguins
2025-08-22	1455	palmerpenguins
2025-08-23	1250	palmerpenguins
2025-08-24	2139	palmerpenguins
2025-08-27	4311	palmerpenguins
2025-08-28	4355	palmerpenguins
2025-09-03	2910	palmerpenguins
2025-09-04	3525	palmerpenguins
2025-09-05	3279	palmerpenguins
2025-09-06	2103	palmerpenguins
2025-09-07	2013	palmerpenguins
2025-09-08	3483	palmerpenguins
2025-09-09	3699	palmerpenguins
2025-09-10	3927	palmerpenguins
2025-09-11	3268	palmerpenguins
2025-09-12	3175	palmerpenguins
2025-09-13	2324	palmerpenguins
2025-09-14	2354	palmerpenguins
2025-09-15	3266	palmerpenguins
2025-09-16	3398	palmerpenguins
2025-09-17	3766	palmerpenguins
2025-09-18	3547	palmerpenguins
2025-09-19	3119	palmerpenguins
2025-09-20	1856	palmerpenguins
2025-09-21	2133	palmerpenguins
2025-09-22	3254	palmerpenguins
2025-09-23	3439	palmerpenguins
2025-09-24	3219	palmerpenguins
2025-09-25	3545	palmerpenguins
2025-09-26	2992	palmerpenguins
2025-09-27	1484	palmerpenguins
2025-09-28	1815	palmerpenguins
2025-09-29	3148	palmerpenguins
2025-09-30	3307	palmerpenguins
2025-10-01	3511	palmerpenguins
2025-10-02	3159	palmerpenguins
2025-10-03	2724	palmerpenguins
2025-10-04	1604	palmerpenguins
2025-10-05	1625	palmerpenguins
2025-10-06	3374	palmerpenguins
2025-10-07	3210	palmerpenguins
2025-10-08	3314	palmerpenguins
2025-10-09	3518	palmerpenguins
2025-10-10	2623	palmerpenguins
2025-10-11	1620	palmerpenguins
2025-10-12	1527	palmerpenguins
2025-10-13	2834	palmerpenguins
2025-10-14	2903	palmerpenguins
2025-10-15	2962	palmerpenguins
2025-10-16	3207	palmerpenguins
2025-10-17	2780	palmerpenguins
2025-10-18	1302	palmerpenguins
2025-10-19	1432	palmerpenguins
2025-10-20	2946	palmerpenguins
2025-10-21	3197	palmerpenguins
2025-10-22	2642	palmerpenguins
2025-10-23	2485	palmerpenguins
2025-10-24	2407	palmerpenguins
2025-10-25	1317	palmerpenguins
2025-10-26	1624	palmerpenguins
2025-10-27	2548	palmerpenguins
2025-10-28	2814	palmerpenguins
2025-10-29	2567	palmerpenguins
2025-10-30	2624	palmerpenguins
2025-10-31	2040	palmerpenguins
2025-11-01	1577	palmerpenguins
2025-11-02	1605	palmerpenguins
2025-11-03	2565	palmerpenguins
2025-11-04	2874	palmerpenguins
2025-11-05	2796	palmerpenguins
2025-11-06	2779	palmerpenguins
2025-11-07	2283	palmerpenguins
2025-11-08	1613	palmerpenguins
2025-11-09	1669	palmerpenguins
2025-11-10	2813	palmerpenguins
2025-11-11	3021	palmerpenguins
2025-11-12	3139	palmerpenguins
2025-11-13	3300	palmerpenguins
2025-11-14	2398	palmerpenguins
2025-11-15	1395	palmerpenguins
2025-11-16	1708	palmerpenguins
2025-11-17	2877	palmerpenguins
2025-11-18	2596	palmerpenguins
2025-11-19	2371	palmerpenguins
2025-11-20	2226	palmerpenguins
2025-11-21	1910	palmerpenguins
2025-11-22	1296	palmerpenguins
2025-11-23	1417	palmerpenguins
2025-11-24	2386	palmerpenguins
2025-11-25	2456	palmerpenguins
2025-11-26	2598	palmerpenguins
2025-11-27	3919	palmerpenguins
2025-11-28	4290	palmerpenguins
2025-11-29	3033	palmerpenguins
2025-11-30	1570	palmerpenguins
2025-12-01	2919	palmerpenguins
2025-12-02	3224	palmerpenguins
2025-12-03	3694	palmerpenguins
2025-12-04	4216	palmerpenguins
2025-12-05	2490	palmerpenguins
2025-12-06	1672	palmerpenguins
2025-12-07	1479	palmerpenguins
2025-12-08	2407	palmerpenguins
2025-12-09	2495	palmerpenguins
2025-12-10	2568	palmerpenguins
2025-12-11	2298	palmerpenguins
2025-12-12	1774	palmerpenguins
2025-12-13	1297	palmerpenguins
2025-12-14	1369	palmerpenguins
2025-12-15	1941	palmerpenguins
2025-12-16	1997	palmerpenguins
2025-12-17	2147	palmerpenguins
2025-12-18	1707	palmerpenguins
2025-12-19	1545	palmerpenguins
2025-12-20	975	palmerpenguins
2025-12-21	1125	palmerpenguins
2025-12-22	1388	palmerpenguins
2025-12-23	1269	palmerpenguins
2025-12-24	1037	palmerpenguins
2025-12-25	908	palmerpenguins
2025-12-26	957	palmerpenguins
2025-12-27	881	palmerpenguins
2025-12-28	839	palmerpenguins
2025-12-29	1061	palmerpenguins
2025-12-30	1073	palmerpenguins
2025-12-31	1022	palmerpenguins
2026-01-01	770	palmerpenguins
2026-01-02	1121	palmerpenguins
2026-01-03	891	palmerpenguins
2026-01-04	906	palmerpenguins
2026-01-05	1567	palmerpenguins
2026-01-06	1596	palmerpenguins
2026-01-07	1785	palmerpenguins
2026-01-08	1681	palmerpenguins
2026-01-09	1433	palmerpenguins
2026-01-10	1064	palmerpenguins
2026-01-11	1207	palmerpenguins
2026-01-12	2430	palmerpenguins
2026-01-13	3119	palmerpenguins
2026-01-14	3060	palmerpenguins
2026-01-15	2843	palmerpenguins
2026-01-16	2313	palmerpenguins
2026-01-17	1294	palmerpenguins
2026-01-18	1280	palmerpenguins
2026-01-19	2466	palmerpenguins
2026-01-20	3160	palmerpenguins
2026-01-21	2980	palmerpenguins
2026-01-22	3045	palmerpenguins
2026-01-23	2515	palmerpenguins
2026-01-24	1642	palmerpenguins
2026-01-25	1566	palmerpenguins
2026-01-26	3025	palmerpenguins
2026-01-27	3041	palmerpenguins
2026-01-28	3013	palmerpenguins
2026-01-29	2766	palmerpenguins
2026-01-30	2805	palmerpenguins
2026-01-31	1305	palmerpenguins
2026-02-01	1647	palmerpenguins
2026-02-02	3007	palmerpenguins
2026-02-03	3535	palmerpenguins
2026-02-04	3061	palmerpenguins
2026-02-05	3437	palmerpenguins
2026-02-06	2796	palmerpenguins
2026-02-07	1304	palmerpenguins
2026-02-08	1128	palmerpenguins
2026-02-09	2536	palmerpenguins
2026-02-10	3021	palmerpenguins
2026-02-11	2904	palmerpenguins
2026-02-12	2404	palmerpenguins
2026-02-13	2034	palmerpenguins
2026-02-14	1185	palmerpenguins
2026-02-15	1197	palmerpenguins
2026-02-16	2078	palmerpenguins
2026-02-17	2475	palmerpenguins
2026-02-18	2375	palmerpenguins
2026-02-19	2564	palmerpenguins
2026-02-20	2255	palmerpenguins
2026-02-21	1213	palmerpenguins
2026-02-22	1601	palmerpenguins
2026-02-23	2956	palmerpenguins
2026-02-24	2940	palmerpenguins
2026-02-25	4130	palmerpenguins
2026-02-26	5438	palmerpenguins
2026-02-27	5242	palmerpenguins
2026-02-28	4075	palmerpenguins
2026-03-01	4108	palmerpenguins
2026-03-02	5222	palmerpenguins
2026-03-03	5310	palmerpenguins
2026-03-04	5707	palmerpenguins
2026-03-05	5466	palmerpenguins
2026-03-06	5198	palmerpenguins
2026-03-07	4262	palmerpenguins
2026-03-08	4552	palmerpenguins
2026-03-09	5874	palmerpenguins
2026-03-10	6140	palmerpenguins
2026-03-11	5925	palmerpenguins
2026-03-12	6042	palmerpenguins
2026-03-13	5412	palmerpenguins
2026-03-14	4050	palmerpenguins
2026-03-15	4060	palmerpenguins
2026-03-16	5376	palmerpenguins
2026-03-17	5836	palmerpenguins
2026-03-18	5475	palmerpenguins
2026-03-19	5849	palmerpenguins
2026-03-20	5049	palmerpenguins
2026-03-21	4107	palmerpenguins
2026-03-22	4636	palmerpenguins
2026-03-23	5836	palmerpenguins
2026-03-24	5928	palmerpenguins
2026-03-25	5239	palmerpenguins
2026-03-26	5585	palmerpenguins
2026-03-27	5177	palmerpenguins
2026-03-28	4007	palmerpenguins
2026-03-29	4172	palmerpenguins
2026-03-30	5492	palmerpenguins
2026-03-31	5425	palmerpenguins
2026-04-01	5365	palmerpenguins
2026-04-02	5476	palmerpenguins
2026-04-03	5073	palmerpenguins
2026-04-04	3937	palmerpenguins
2026-04-05	4285	palmerpenguins
2026-04-06	4824	palmerpenguins
2026-04-07	5576	palmerpenguins
2026-04-08	5735	palmerpenguins
2026-04-09	5400	palmerpenguins
2026-04-10	5258	palmerpenguins
2026-04-11	4196	palmerpenguins
2026-04-12	4190	palmerpenguins
2026-04-13	5546	palmerpenguins
2026-04-14	5726	palmerpenguins
2026-04-15	5619	palmerpenguins
2026-04-16	5676	palmerpenguins
2026-04-17	5415	palmerpenguins
2026-04-18	4089	palmerpenguins
2026-04-19	4279	palmerpenguins
2026-04-20	5721	palmerpenguins
2026-04-21	5476	palmerpenguins
2026-04-22	5616	palmerpenguins
2026-04-23	5022	palmerpenguins
2026-04-24	5225	palmerpenguins
2026-04-25	4466	palmerpenguins
2026-04-26	4345	palmerpenguins
2026-04-27	5461	palmerpenguins
2026-04-28	5983	palmerpenguins
2026-04-29	5824	palmerpenguins
2026-04-30	5129	palmerpenguins
2026-05-01	4575	palmerpenguins
2026-05-02	3845	palmerpenguins
2026-05-03	4271	palmerpenguins
2026-05-04	5138	palmerpenguins
2026-05-05	5443	palmerpenguins
2026-05-06	5411	palmerpenguins
2026-05-07	5031	palmerpenguins
2026-05-08	4583	palmerpenguins
2026-05-09	3262	palmerpenguins
2026-05-10	4211	palmerpenguins
2026-05-11	4781	palmerpenguins
2026-05-12	5624	palmerpenguins
2026-05-13	4951	palmerpenguins
2026-05-14	4772	palmerpenguins
2026-05-15	4472	palmerpenguins
2026-05-16	4064	palmerpenguins
2026-05-17	4307	palmerpenguins
2026-05-18	8725	palmerpenguins
2026-05-19	8877	palmerpenguins
2026-05-20	8825	palmerpenguins
2026-05-21	8156	palmerpenguins
2026-05-22	4895	palmerpenguins
2026-05-23	4128	palmerpenguins
2026-05-24	4413	palmerpenguins
2026-05-25	5046	palmerpenguins
2026-05-26	5312	palmerpenguins
2026-05-27	4938	palmerpenguins
2026-05-28	5180	palmerpenguins
2026-05-29	5087	palmerpenguins
2026-05-30	3974	palmerpenguins
2026-05-31	4308	palmerpenguins
2026-06-01	5374	palmerpenguins
2026-06-02	5068	palmerpenguins
2026-06-03	5379	palmerpenguins
2026-06-04	4944	palmerpenguins
2026-06-05	4963	palmerpenguins
2026-06-06	3870	palmerpenguins
2026-06-07	3503	palmerpenguins
2026-06-08	4961	palmerpenguins
2026-06-09	4715	palmerpenguins
2026-06-10	5028	palmerpenguins
2026-06-11	4858	palmerpenguins
2026-06-12	4612	palmerpenguins
2026-06-13	3927	palmerpenguins
2026-06-14	4017	palmerpenguins
2026-06-15	4970	palmerpenguins
2026-06-16	4870	palmerpenguins
2026-06-17	5051	palmerpenguins
2026-06-18	5616	palmerpenguins
2026-06-19	4773	palmerpenguins
2026-06-20	4822	palmerpenguins
2026-06-21	5394	palmerpenguins
2026-06-22	5104	palmerpenguins
2026-06-23	5088	palmerpenguins
2026-06-24	4470	palmerpenguins
2026-06-25	4298	palmerpenguins
2026-06-26	4199	palmerpenguins
2014-01-17	77	dplyr
2014-01-18	138	dplyr
2014-01-19	125	dplyr
2014-01-20	204	dplyr
2014-01-21	147	dplyr
2014-01-22	123	dplyr
2014-01-23	196	dplyr
2014-01-24	177	dplyr
2014-01-25	86	dplyr
2014-01-26	64	dplyr
2014-01-27	107	dplyr
2014-01-28	145	dplyr
2014-01-29	90	dplyr
2014-01-30	242	dplyr
2014-01-31	215	dplyr
2014-02-01	103	dplyr
2014-02-02	79	dplyr
2014-02-03	176	dplyr
2014-02-04	178	dplyr
2014-02-05	170	dplyr
2014-02-06	135	dplyr
2014-02-07	120	dplyr
2014-02-08	106	dplyr
2014-02-09	62	dplyr
2014-02-10	95	dplyr
2014-02-11	134	dplyr
2014-02-12	113	dplyr
2014-02-13	102	dplyr
2014-02-14	121	dplyr
2014-02-15	66	dplyr
2014-02-16	38	dplyr
2014-02-17	124	dplyr
2014-02-18	148	dplyr
2014-02-19	116	dplyr
2014-02-20	81	dplyr
2014-02-21	109	dplyr
2014-02-22	56	dplyr
2014-02-23	60	dplyr
2014-02-24	125	dplyr
2014-02-25	303	dplyr
2014-02-26	343	dplyr
2014-02-27	320	dplyr
2014-02-28	234	dplyr
2014-03-01	122	dplyr
2014-03-02	111	dplyr
2014-03-03	157	dplyr
2014-03-04	248	dplyr
2014-03-05	154	dplyr
2014-03-06	127	dplyr
2014-03-07	117	dplyr
2014-03-08	67	dplyr
2014-03-09	70	dplyr
2014-03-10	162	dplyr
2014-03-11	149	dplyr
2014-03-12	129	dplyr
2014-03-13	142	dplyr
2014-03-14	121	dplyr
2014-03-15	95	dplyr
2014-03-16	166	dplyr
2014-03-17	337	dplyr
2014-03-18	233	dplyr
2014-03-19	192	dplyr
2014-03-20	178	dplyr
2014-03-21	198	dplyr
2014-03-22	110	dplyr
2014-03-23	120	dplyr
2014-03-24	162	dplyr
2014-03-25	201	dplyr
2014-03-26	179	dplyr
2014-03-27	178	dplyr
2014-03-28	198	dplyr
2014-03-29	99	dplyr
2014-03-30	109	dplyr
2014-03-31	158	dplyr
2014-04-01	163	dplyr
2014-04-02	172	dplyr
2014-04-03	191	dplyr
2014-04-04	146	dplyr
2014-04-05	81	dplyr
2014-04-06	52	dplyr
2014-04-07	193	dplyr
2014-04-08	221	dplyr
2014-04-09	239	dplyr
2014-04-10	214	dplyr
2014-04-11	217	dplyr
2014-04-12	176	dplyr
2014-04-13	140	dplyr
2014-04-14	274	dplyr
2014-04-15	238	dplyr
2014-04-16	188	dplyr
2014-04-17	193	dplyr
2014-04-18	233	dplyr
2014-04-19	107	dplyr
2014-04-20	95	dplyr
2014-04-21	221	dplyr
2014-04-22	250	dplyr
2014-04-23	231	dplyr
2014-04-24	204	dplyr
2014-04-25	170	dplyr
2014-04-26	125	dplyr
2014-04-27	104	dplyr
2014-04-28	215	dplyr
2014-04-29	219	dplyr
2014-04-30	215	dplyr
2014-05-01	182	dplyr
2014-05-02	195	dplyr
2014-05-03	82	dplyr
2014-05-04	108	dplyr
2014-05-05	178	dplyr
2014-05-06	203	dplyr
2014-05-07	213	dplyr
2014-05-08	208	dplyr
2014-05-09	163	dplyr
2014-05-10	81	dplyr
2014-05-11	68	dplyr
2014-05-12	189	dplyr
2014-05-13	198	dplyr
2014-05-14	283	dplyr
2014-05-15	250	dplyr
2014-05-16	16	dplyr
2014-05-17	19	dplyr
2014-05-18	77	dplyr
2014-05-19	174	dplyr
2014-05-20	208	dplyr
2014-05-21	97	dplyr
2014-05-22	556	dplyr
2014-05-23	434	dplyr
2014-05-24	192	dplyr
2014-05-25	153	dplyr
2014-05-26	244	dplyr
2014-05-27	389	dplyr
2014-05-28	285	dplyr
2014-05-29	318	dplyr
2014-05-30	236	dplyr
2014-05-31	159	dplyr
2014-06-01	160	dplyr
2014-06-02	268	dplyr
2014-06-03	298	dplyr
2014-06-04	288	dplyr
2014-06-05	230	dplyr
2014-06-06	213	dplyr
2014-06-07	108	dplyr
2014-06-08	103	dplyr
2014-06-09	257	dplyr
2014-06-10	240	dplyr
2014-06-11	286	dplyr
2014-06-12	220	dplyr
2014-06-13	201	dplyr
2014-06-14	93	dplyr
2014-06-15	112	dplyr
2014-06-16	265	dplyr
2014-06-17	309	dplyr
2014-06-18	297	dplyr
2014-06-19	277	dplyr
2014-06-20	211	dplyr
2014-06-21	126	dplyr
2014-06-22	131	dplyr
2014-06-23	330	dplyr
2014-06-24	495	dplyr
2014-06-25	376	dplyr
2014-06-26	315	dplyr
2014-06-27	246	dplyr
2014-06-28	144	dplyr
2014-06-29	143	dplyr
2014-06-30	399	dplyr
2014-07-01	319	dplyr
2014-07-02	263	dplyr
2014-07-03	256	dplyr
2014-07-04	235	dplyr
2014-07-05	141	dplyr
2014-07-06	150	dplyr
2014-07-07	321	dplyr
2014-07-08	353	dplyr
2014-07-09	332	dplyr
2014-07-10	290	dplyr
2014-07-11	357	dplyr
2014-07-12	155	dplyr
2014-07-13	116	dplyr
2014-07-14	268	dplyr
2014-07-15	315	dplyr
2014-07-16	253	dplyr
2014-07-17	291	dplyr
2014-07-18	271	dplyr
2014-07-19	142	dplyr
2014-07-20	139	dplyr
2014-07-21	341	dplyr
2014-07-22	336	dplyr
2014-07-23	363	dplyr
2014-07-24	377	dplyr
2014-07-25	293	dplyr
2014-07-26	164	dplyr
2014-07-27	169	dplyr
2014-07-28	503	dplyr
2014-07-29	313	dplyr
2014-07-30	482	dplyr
2014-07-31	468	dplyr
2014-08-01	362	dplyr
2014-08-02	177	dplyr
2014-08-03	148	dplyr
2014-08-04	338	dplyr
2014-08-05	361	dplyr
2014-08-06	429	dplyr
2014-08-07	385	dplyr
2014-08-08	276	dplyr
2014-08-09	182	dplyr
2014-08-10	173	dplyr
2014-08-11	438	dplyr
2014-08-12	389	dplyr
2014-08-13	367	dplyr
2014-08-14	387	dplyr
2014-08-15	404	dplyr
2014-08-16	174	dplyr
2014-08-17	181	dplyr
2014-08-18	525	dplyr
2014-08-19	386	dplyr
2014-08-20	602	dplyr
2014-08-21	586	dplyr
2014-08-22	565	dplyr
2014-08-23	287	dplyr
2014-08-24	322	dplyr
2014-08-25	447	dplyr
2014-08-26	500	dplyr
2014-08-27	578	dplyr
2014-08-28	512	dplyr
2014-08-29	451	dplyr
2014-08-30	245	dplyr
2014-08-31	236	dplyr
2014-09-01	531	dplyr
2014-09-02	767	dplyr
2014-09-03	785	dplyr
2014-09-04	733	dplyr
2014-09-05	767	dplyr
2014-09-06	403	dplyr
2014-09-07	480	dplyr
2014-09-08	678	dplyr
2014-09-09	849	dplyr
2014-09-10	838	dplyr
2014-09-11	843	dplyr
2014-09-12	1010	dplyr
2014-09-13	447	dplyr
2014-09-14	401	dplyr
2014-09-15	782	dplyr
2014-09-16	892	dplyr
2014-09-17	819	dplyr
2014-09-18	799	dplyr
2014-09-19	877	dplyr
2014-09-20	377	dplyr
2014-09-21	343	dplyr
2014-09-22	123	dplyr
2014-09-23	109	dplyr
2014-09-24	790	dplyr
2014-09-25	783	dplyr
2014-09-26	820	dplyr
2014-09-27	365	dplyr
2014-09-28	453	dplyr
2014-09-29	854	dplyr
2014-09-30	672	dplyr
2014-10-01	703	dplyr
2014-10-02	698	dplyr
2014-10-03	624	dplyr
2014-10-04	336	dplyr
2014-10-05	363	dplyr
2014-10-06	877	dplyr
2014-10-07	1017	dplyr
2014-10-08	956	dplyr
2014-10-09	1278	dplyr
2014-10-10	1177	dplyr
2014-10-11	586	dplyr
2014-10-12	617	dplyr
2014-10-13	1363	dplyr
2014-10-14	1676	dplyr
2014-10-15	1349	dplyr
2014-10-16	1185	dplyr
2014-10-17	1067	dplyr
2014-10-18	569	dplyr
2014-10-19	646	dplyr
2014-10-20	1000	dplyr
2014-10-21	1091	dplyr
2014-10-22	1029	dplyr
2014-10-23	1033	dplyr
2014-10-24	897	dplyr
2014-10-25	491	dplyr
2014-10-26	675	dplyr
2014-10-27	956	dplyr
2014-10-28	993	dplyr
2014-10-29	992	dplyr
2014-10-30	902	dplyr
2014-10-31	976	dplyr
2014-11-01	512	dplyr
2014-11-02	606	dplyr
2014-11-03	1062	dplyr
2014-11-04	1228	dplyr
2014-11-05	1063	dplyr
2014-11-06	1137	dplyr
2014-11-07	1022	dplyr
2014-11-08	523	dplyr
2014-11-09	571	dplyr
2014-11-10	995	dplyr
2014-11-11	1058	dplyr
2014-11-12	1016	dplyr
2014-11-13	1111	dplyr
2014-11-14	837	dplyr
2014-11-15	561	dplyr
2014-11-16	583	dplyr
2014-11-17	946	dplyr
2014-11-18	1051	dplyr
2014-11-19	953	dplyr
2014-11-20	730	dplyr
2014-11-21	768	dplyr
2014-11-22	472	dplyr
2014-11-23	609	dplyr
2014-11-24	1032	dplyr
2014-11-25	895	dplyr
2014-11-26	883	dplyr
2014-11-27	626	dplyr
2014-11-28	673	dplyr
2014-11-29	498	dplyr
2014-11-30	506	dplyr
2014-12-01	973	dplyr
2014-12-02	1167	dplyr
2014-12-03	1020	dplyr
2014-12-04	1041	dplyr
2014-12-05	955	dplyr
2014-12-06	574	dplyr
2014-12-07	515	dplyr
2014-12-08	939	dplyr
2014-12-09	1075	dplyr
2014-12-10	995	dplyr
2014-12-11	893	dplyr
2014-12-12	753	dplyr
2014-12-13	530	dplyr
2014-12-14	468	dplyr
2014-12-15	824	dplyr
2014-12-16	828	dplyr
2014-12-17	763	dplyr
2014-12-18	781	dplyr
2014-12-19	722	dplyr
2014-12-20	464	dplyr
2014-12-21	522	dplyr
2014-12-22	716	dplyr
2014-12-23	660	dplyr
2014-12-24	395	dplyr
2014-12-25	283	dplyr
2014-12-26	340	dplyr
2014-12-27	312	dplyr
2014-12-28	376	dplyr
2014-12-29	447	dplyr
2014-12-30	511	dplyr
2014-12-31	359	dplyr
2015-01-01	267	dplyr
2015-01-02	514	dplyr
2015-01-03	366	dplyr
2015-01-04	392	dplyr
2015-01-05	854	dplyr
2015-01-06	965	dplyr
2015-01-07	949	dplyr
2015-01-08	1072	dplyr
2015-01-09	1332	dplyr
2015-01-10	999	dplyr
2015-01-11	887	dplyr
2015-01-12	1743	dplyr
2015-01-13	1632	dplyr
2015-01-14	1776	dplyr
2015-01-15	1818	dplyr
2015-01-16	1836	dplyr
2015-01-17	982	dplyr
2015-01-18	950	dplyr
2015-01-19	1411	dplyr
2015-01-20	2089	dplyr
2015-01-21	1724	dplyr
2015-01-22	1833	dplyr
2015-01-23	1698	dplyr
2015-01-24	957	dplyr
2015-01-25	1094	dplyr
2015-01-26	1613	dplyr
2015-01-27	1523	dplyr
2015-01-28	1936	dplyr
2015-01-29	1989	dplyr
2015-01-30	2219	dplyr
2015-01-31	1224	dplyr
2015-02-01	1195	dplyr
2015-02-02	1898	dplyr
2015-02-03	2014	dplyr
2015-02-04	2170	dplyr
2015-02-05	1898	dplyr
2015-02-06	1971	dplyr
2015-02-07	1099	dplyr
2015-02-08	1139	dplyr
2015-02-09	1820	dplyr
2015-02-10	2025	dplyr
2015-02-11	1997	dplyr
2015-02-12	1999	dplyr
2015-02-13	1861	dplyr
2015-02-14	1119	dplyr
2015-02-15	1112	dplyr
2015-02-16	1830	dplyr
2015-02-17	2092	dplyr
2015-02-18	2251	dplyr
2015-02-19	2134	dplyr
2015-02-20	2017	dplyr
2015-02-21	1267	dplyr
2015-02-22	1447	dplyr
2015-02-23	1836	dplyr
2015-02-24	1812	dplyr
2015-02-25	1874	dplyr
2015-02-26	1855	dplyr
2015-02-27	1699	dplyr
2015-02-28	948	dplyr
2015-03-01	1065	dplyr
2015-03-02	1851	dplyr
2015-03-03	2125	dplyr
2015-03-04	2025	dplyr
2015-03-05	1997	dplyr
2015-03-06	1841	dplyr
2015-03-07	1240	dplyr
2015-03-08	1304	dplyr
2015-03-09	2117	dplyr
2015-03-10	2100	dplyr
2015-03-11	1948	dplyr
2015-03-12	1811	dplyr
2015-03-13	1796	dplyr
2015-03-14	1102	dplyr
2015-03-15	1155	dplyr
2015-03-16	2143	dplyr
2015-03-17	1920	dplyr
2015-03-18	1803	dplyr
2015-03-19	1766	dplyr
2015-03-20	1595	dplyr
2015-03-21	1064	dplyr
2015-03-22	1198	dplyr
2015-03-23	1835	dplyr
2015-03-24	1738	dplyr
2015-03-25	1652	dplyr
2015-03-26	1713	dplyr
2015-03-27	1512	dplyr
2015-03-28	905	dplyr
2015-03-29	954	dplyr
2015-03-30	1606	dplyr
2015-03-31	1649	dplyr
2015-04-01	1699	dplyr
2015-04-02	1830	dplyr
2015-04-03	1416	dplyr
2015-04-04	835	dplyr
2015-04-05	831	dplyr
2015-04-06	1478	dplyr
2015-04-07	1912	dplyr
2015-04-08	2144	dplyr
2015-04-09	2132	dplyr
2015-04-10	1591	dplyr
2015-04-11	1015	dplyr
2015-04-12	1098	dplyr
2015-04-13	1758	dplyr
2015-04-14	1950	dplyr
2015-04-15	1939	dplyr
2015-04-16	1775	dplyr
2015-04-17	1898	dplyr
2015-04-18	1556	dplyr
2015-04-19	1659	dplyr
2015-04-20	2747	dplyr
2015-04-21	2557	dplyr
2015-04-22	2782	dplyr
2015-04-23	2605	dplyr
2015-04-24	2528	dplyr
2015-04-25	1640	dplyr
2015-04-26	1561	dplyr
2015-04-27	2201	dplyr
2015-04-28	2259	dplyr
2015-04-29	2379	dplyr
2015-04-30	2297	dplyr
2015-05-01	1878	dplyr
2015-05-02	1017	dplyr
2015-05-03	1615	dplyr
2015-05-04	2264	dplyr
2015-05-05	2397	dplyr
2015-05-06	2413	dplyr
2015-05-07	2371	dplyr
2015-05-08	1997	dplyr
2015-05-09	1111	dplyr
2015-05-10	1076	dplyr
2015-05-11	2049	dplyr
2015-05-12	2150	dplyr
2015-05-13	2521	dplyr
2015-05-14	2106	dplyr
2015-05-15	2063	dplyr
2015-05-16	1156	dplyr
2015-05-17	1093	dplyr
2015-05-18	1903	dplyr
2015-05-19	2072	dplyr
2015-05-20	2295	dplyr
2015-05-21	2379	dplyr
2015-05-22	2004	dplyr
2015-05-23	1185	dplyr
2015-05-24	1152	dplyr
2015-05-25	1152	dplyr
2015-05-26	2041	dplyr
2015-05-27	2056	dplyr
2015-05-28	2209	dplyr
2015-05-29	1977	dplyr
2015-05-30	1670	dplyr
2015-05-31	1770	dplyr
2015-06-01	2373	dplyr
2015-06-02	2490	dplyr
2015-06-03	2619	dplyr
2015-06-04	2349	dplyr
2015-06-05	2481	dplyr
2015-06-06	1623	dplyr
2015-06-07	1549	dplyr
2015-06-08	2539	dplyr
2015-06-09	2665	dplyr
2015-06-10	2636	dplyr
2015-06-11	2537	dplyr
2015-06-12	2391	dplyr
2015-06-13	1416	dplyr
2015-06-14	1735	dplyr
2015-06-15	2686	dplyr
2015-06-16	3378	dplyr
2015-06-17	2850	dplyr
2015-06-18	2534	dplyr
2015-06-19	2835	dplyr
2015-06-20	1390	dplyr
2015-06-21	1587	dplyr
2015-06-22	2463	dplyr
2015-06-23	2559	dplyr
2015-06-24	2304	dplyr
2015-06-25	2438	dplyr
2015-06-26	2040	dplyr
2015-06-27	986	dplyr
2015-06-28	1019	dplyr
2015-06-29	1971	dplyr
2015-06-30	2294	dplyr
2015-07-01	2027	dplyr
2015-07-02	2073	dplyr
2015-07-03	1449	dplyr
2015-07-04	914	dplyr
2015-07-05	813	dplyr
2015-07-06	2206	dplyr
2015-07-07	2377	dplyr
2015-07-08	2048	dplyr
2015-07-09	1931	dplyr
2015-07-10	2043	dplyr
2015-07-11	905	dplyr
2015-07-12	983	dplyr
2015-07-13	2222	dplyr
2015-07-14	2099	dplyr
2015-07-15	1973	dplyr
2015-07-16	1880	dplyr
2015-07-17	1730	dplyr
2015-07-18	995	dplyr
2015-07-19	1058	dplyr
2015-07-20	2107	dplyr
2015-07-21	2137	dplyr
2015-07-22	1904	dplyr
2015-07-23	1931	dplyr
2015-07-24	1814	dplyr
2015-07-25	1068	dplyr
2015-07-26	1201	dplyr
2015-07-27	1928	dplyr
2015-07-28	1925	dplyr
2015-07-29	2019	dplyr
2015-07-30	1688	dplyr
2015-07-31	1670	dplyr
2015-08-01	861	dplyr
2015-08-02	757	dplyr
2015-08-03	1651	dplyr
2015-08-04	2181	dplyr
2015-08-05	1815	dplyr
2015-08-06	1759	dplyr
2015-08-07	1626	dplyr
2015-08-08	786	dplyr
2015-08-09	861	dplyr
2015-08-10	1540	dplyr
2015-08-11	1610	dplyr
2015-08-12	1728	dplyr
2015-08-13	1807	dplyr
2015-08-14	1542	dplyr
2015-08-15	846	dplyr
2015-08-16	968	dplyr
2015-08-17	1928	dplyr
2015-08-18	2102	dplyr
2015-08-19	2349	dplyr
2015-08-20	2161	dplyr
2015-08-21	1793	dplyr
2015-08-22	972	dplyr
2015-08-23	1294	dplyr
2015-08-24	2613	dplyr
2015-08-25	9109	dplyr
2015-08-26	5610	dplyr
2015-08-27	2486	dplyr
2015-08-28	2031	dplyr
2015-08-29	1297	dplyr
2015-08-30	1409	dplyr
2015-08-31	2605	dplyr
2015-09-01	4038	dplyr
2015-09-02	4647	dplyr
2015-09-03	3691	dplyr
2015-09-04	4194	dplyr
2015-09-05	1791	dplyr
2015-09-06	2364	dplyr
2015-09-07	3819	dplyr
2015-09-08	4013	dplyr
2015-09-09	4231	dplyr
2015-09-10	4124	dplyr
2015-09-11	3360	dplyr
2015-09-12	2038	dplyr
2015-09-13	1669	dplyr
2015-09-14	4288	dplyr
2015-09-15	3946	dplyr
2015-09-16	3416	dplyr
2015-09-17	3183	dplyr
2015-09-18	3514	dplyr
2015-09-19	1517	dplyr
2015-09-20	1839	dplyr
2015-09-21	3436	dplyr
2015-09-22	3874	dplyr
2015-09-23	3142	dplyr
2015-09-24	3286	dplyr
2015-09-25	3578	dplyr
2015-09-26	1605	dplyr
2015-09-27	1476	dplyr
2015-09-28	2760	dplyr
2015-09-29	3838	dplyr
2015-09-30	3141	dplyr
2015-10-01	2868	dplyr
2015-10-02	3221	dplyr
2015-10-03	1562	dplyr
2015-10-04	1826	dplyr
2015-10-05	3366	dplyr
2015-10-06	3486	dplyr
2015-10-07	3965	dplyr
2015-10-08	3599	dplyr
2015-10-09	2937	dplyr
2015-10-10	1701	dplyr
2015-10-11	2599	dplyr
2015-10-12	3832	dplyr
2015-10-13	3758	dplyr
2015-10-14	3785	dplyr
2015-10-15	3121	dplyr
2015-10-16	4123	dplyr
2015-10-17	1765	dplyr
2015-10-18	1639	dplyr
2015-10-19	3510	dplyr
2015-10-20	3769	dplyr
2015-10-21	3359	dplyr
2015-10-22	3194	dplyr
2015-10-23	3178	dplyr
2015-10-24	1927	dplyr
2015-10-25	2209	dplyr
2015-10-26	3563	dplyr
2015-10-27	3579	dplyr
2015-10-28	3146	dplyr
2015-10-29	3320	dplyr
2015-10-30	3294	dplyr
2015-10-31	2014	dplyr
2015-11-01	2120	dplyr
2015-11-02	4307	dplyr
2015-11-03	3796	dplyr
2015-11-04	3198	dplyr
2015-11-05	3282	dplyr
2015-11-06	2760	dplyr
2015-11-07	2369	dplyr
2015-11-08	1543	dplyr
2015-11-09	3655	dplyr
2015-11-10	3325	dplyr
2015-11-11	3316	dplyr
2015-11-12	2785	dplyr
2015-11-13	3053	dplyr
2015-11-14	2005	dplyr
2015-11-15	1603	dplyr
2015-11-16	3280	dplyr
2015-11-17	3720	dplyr
2015-11-18	3826	dplyr
2015-11-19	4026	dplyr
2015-11-20	3171	dplyr
2015-11-21	2377	dplyr
2015-11-22	2060	dplyr
2015-11-23	3766	dplyr
2015-11-24	4243	dplyr
2015-11-25	4354	dplyr
2015-11-26	4782	dplyr
2015-11-27	1968	dplyr
2015-11-28	1411	dplyr
2015-11-29	2643	dplyr
2015-11-30	3745	dplyr
2015-12-01	4131	dplyr
2015-12-02	3574	dplyr
2015-12-03	3406	dplyr
2015-12-04	3099	dplyr
2015-12-05	1985	dplyr
2015-12-06	1789	dplyr
2015-12-07	3336	dplyr
2015-12-08	3697	dplyr
2015-12-09	3362	dplyr
2015-12-10	4103	dplyr
2015-12-11	5124	dplyr
2015-12-12	2033	dplyr
2015-12-13	1906	dplyr
2015-12-14	3415	dplyr
2015-12-15	3276	dplyr
2015-12-16	3237	dplyr
2015-12-17	3124	dplyr
2015-12-18	2486	dplyr
2015-12-19	1470	dplyr
2015-12-20	1499	dplyr
2015-12-21	2724	dplyr
2015-12-22	2794	dplyr
2015-12-23	3250	dplyr
2015-12-24	1847	dplyr
2015-12-25	933	dplyr
2015-12-26	1628	dplyr
2015-12-27	1540	dplyr
2015-12-28	2196	dplyr
2015-12-29	2068	dplyr
2015-12-30	2047	dplyr
2015-12-31	1274	dplyr
2016-01-01	1429	dplyr
2016-01-02	1219	dplyr
2016-01-03	1039	dplyr
2016-01-04	2902	dplyr
2016-01-05	3070	dplyr
2016-01-06	3353	dplyr
2016-01-07	3515	dplyr
2016-01-08	3030	dplyr
2016-01-09	2083	dplyr
2016-01-10	1949	dplyr
2016-01-11	3411	dplyr
2016-01-12	3996	dplyr
2016-01-13	3285	dplyr
2016-01-14	3265	dplyr
2016-01-15	3194	dplyr
2016-01-16	2773	dplyr
2016-01-17	1870	dplyr
2016-01-18	3508	dplyr
2016-01-19	3874	dplyr
2016-01-20	4718	dplyr
2016-01-21	4155	dplyr
2016-01-22	3499	dplyr
2016-01-23	2028	dplyr
2016-01-24	2123	dplyr
2016-01-25	3472	dplyr
2016-01-26	3899	dplyr
2016-01-27	5199	dplyr
2016-01-28	4545	dplyr
2016-01-29	4326	dplyr
2016-01-30	1820	dplyr
2016-01-31	2084	dplyr
2016-02-01	3874	dplyr
2016-02-02	4164	dplyr
2016-02-03	3947	dplyr
2016-02-04	4133	dplyr
2016-02-05	3911	dplyr
2016-02-06	2020	dplyr
2016-02-07	1771	dplyr
2016-02-08	3786	dplyr
2016-02-09	3985	dplyr
2016-02-10	3871	dplyr
2016-02-11	3916	dplyr
2016-02-12	3656	dplyr
2016-02-13	2007	dplyr
2016-02-14	2025	dplyr
2016-02-15	3822	dplyr
2016-02-16	4196	dplyr
2016-02-17	4645	dplyr
2016-02-18	3907	dplyr
2016-02-19	3576	dplyr
2016-02-20	2229	dplyr
2016-02-21	2142	dplyr
2016-02-22	3771	dplyr
2016-02-23	4205	dplyr
2016-02-24	3592	dplyr
2016-02-25	3574	dplyr
2016-02-26	3026	dplyr
2016-02-27	1589	dplyr
2016-02-28	1715	dplyr
2016-02-29	3372	dplyr
2016-03-01	3912	dplyr
2016-03-02	3804	dplyr
2016-03-03	3921	dplyr
2016-03-04	3534	dplyr
2016-03-05	1634	dplyr
2016-03-06	1726	dplyr
2016-03-07	3353	dplyr
2016-03-08	3753	dplyr
2016-03-09	3648	dplyr
2016-03-10	3407	dplyr
2016-03-11	3300	dplyr
2016-03-12	1755	dplyr
2016-03-13	1820	dplyr
2016-03-14	3530	dplyr
2016-03-15	3782	dplyr
2016-03-16	3807	dplyr
2016-03-17	3561	dplyr
2016-03-18	3265	dplyr
2016-03-19	1688	dplyr
2016-03-20	1752	dplyr
2016-03-21	3661	dplyr
2016-03-22	3565	dplyr
2016-03-23	3496	dplyr
2016-03-24	3417	dplyr
2016-03-25	2624	dplyr
2016-03-26	1439	dplyr
2016-03-27	1463	dplyr
2016-03-28	3070	dplyr
2016-03-29	3687	dplyr
2016-03-30	3922	dplyr
2016-03-31	3727	dplyr
2016-04-01	3706	dplyr
2016-04-02	1835	dplyr
2016-04-03	1913	dplyr
2016-04-04	3696	dplyr
2016-04-05	3795	dplyr
2016-04-06	4187	dplyr
2016-04-07	3920	dplyr
2016-04-08	3381	dplyr
2016-04-09	1855	dplyr
2016-04-10	1957	dplyr
2016-04-11	3939	dplyr
2016-04-12	4303	dplyr
2016-04-13	3857	dplyr
2016-04-14	3766	dplyr
2016-04-15	3289	dplyr
2016-04-16	1703	dplyr
2016-04-17	1893	dplyr
2016-04-18	3568	dplyr
2016-04-19	3894	dplyr
2016-04-20	3895	dplyr
2016-04-21	3782	dplyr
2016-04-22	3443	dplyr
2016-04-23	1819	dplyr
2016-04-24	1811	dplyr
2016-04-25	3641	dplyr
2016-04-26	4047	dplyr
2016-04-27	3696	dplyr
2016-04-28	3768	dplyr
2016-04-29	3175	dplyr
2016-04-30	1879	dplyr
2016-05-01	1903	dplyr
2016-05-02	3673	dplyr
2016-05-03	4044	dplyr
2016-05-04	4403	dplyr
2016-05-05	4128	dplyr
2016-05-06	3866	dplyr
2016-05-07	2092	dplyr
2016-05-08	2075	dplyr
2016-05-09	4651	dplyr
2016-05-10	5049	dplyr
2016-05-11	4742	dplyr
2016-05-12	4839	dplyr
2016-05-13	4437	dplyr
2016-05-14	2253	dplyr
2016-05-15	2581	dplyr
2016-05-16	4383	dplyr
2016-05-17	4966	dplyr
2016-05-18	4908	dplyr
2016-05-19	5030	dplyr
2016-05-20	4362	dplyr
2016-05-21	2191	dplyr
2016-05-22	2234	dplyr
2016-05-23	4597	dplyr
2016-05-24	5020	dplyr
2016-05-25	4718	dplyr
2016-05-26	4681	dplyr
2016-05-27	4183	dplyr
2016-05-28	2265	dplyr
2016-05-29	2275	dplyr
2016-05-30	3939	dplyr
2016-05-31	4552	dplyr
2016-06-01	4714	dplyr
2016-06-02	4750	dplyr
2016-06-03	4154	dplyr
2016-06-04	2095	dplyr
2016-06-05	2190	dplyr
2016-06-06	4419	dplyr
2016-06-07	4681	dplyr
2016-06-08	5048	dplyr
2016-06-09	4594	dplyr
2016-06-10	4218	dplyr
2016-06-11	2104	dplyr
2016-06-12	2160	dplyr
2016-06-13	4809	dplyr
2016-06-14	4734	dplyr
2016-06-15	4585	dplyr
2016-06-16	4659	dplyr
2016-06-17	4065	dplyr
2016-06-18	1876	dplyr
2016-06-19	1935	dplyr
2016-06-20	4369	dplyr
2016-06-21	4962	dplyr
2016-06-22	5057	dplyr
2016-06-23	4943	dplyr
2016-06-24	5527	dplyr
2016-06-25	3790	dplyr
2016-06-26	3521	dplyr
2016-06-27	8020	dplyr
2016-06-28	7470	dplyr
2016-06-29	7311	dplyr
2016-06-30	6445	dplyr
2016-07-01	5353	dplyr
2016-07-02	2603	dplyr
2016-07-03	2605	dplyr
2016-07-04	5146	dplyr
2016-07-05	6622	dplyr
2016-07-06	5891	dplyr
2016-07-07	6111	dplyr
2016-07-08	5323	dplyr
2016-07-09	2809	dplyr
2016-07-10	2851	dplyr
2016-07-11	6103	dplyr
2016-07-12	6106	dplyr
2016-07-13	5982	dplyr
2016-07-14	5519	dplyr
2016-07-15	4905	dplyr
2016-07-16	2240	dplyr
2016-07-17	2197	dplyr
2016-07-18	5532	dplyr
2016-07-19	5945	dplyr
2016-07-20	5821	dplyr
2016-07-21	5352	dplyr
2016-07-22	4859	dplyr
2016-07-23	2553	dplyr
2016-07-24	2447	dplyr
2016-07-25	5497	dplyr
2016-07-26	5669	dplyr
2016-07-27	5380	dplyr
2016-07-28	5873	dplyr
2016-07-29	4833	dplyr
2016-07-30	2586	dplyr
2016-07-31	2360	dplyr
2016-08-01	5189	dplyr
2016-08-02	5739	dplyr
2016-08-03	5305	dplyr
2016-08-04	5068	dplyr
2016-08-05	4840	dplyr
2016-08-06	2328	dplyr
2016-08-07	2335	dplyr
2016-08-08	4958	dplyr
2016-08-09	5288	dplyr
2016-08-10	5063	dplyr
2016-08-11	5215	dplyr
2016-08-12	4551	dplyr
2016-08-13	2050	dplyr
2016-08-14	2249	dplyr
2016-08-15	4708	dplyr
2016-08-16	5407	dplyr
2016-08-17	5058	dplyr
2016-08-18	5136	dplyr
2016-08-19	5026	dplyr
2016-08-20	2689	dplyr
2016-08-21	2370	dplyr
2016-08-22	5537	dplyr
2016-08-23	5615	dplyr
2016-08-24	5481	dplyr
2016-08-25	5712	dplyr
2016-08-26	4913	dplyr
2016-08-27	2375	dplyr
2016-08-28	2388	dplyr
2016-08-29	5509	dplyr
2016-08-30	6500	dplyr
2016-08-31	6453	dplyr
2016-09-01	6410	dplyr
2016-09-02	5669	dplyr
2016-09-03	2479	dplyr
2016-09-04	2612	dplyr
2016-09-05	4869	dplyr
2016-09-06	6600	dplyr
2016-09-07	7554	dplyr
2016-09-08	7553	dplyr
2016-09-09	6086	dplyr
2016-09-10	2922	dplyr
2016-09-11	3001	dplyr
2016-09-12	5993	dplyr
2016-09-13	7841	dplyr
2016-09-14	7330	dplyr
2016-09-15	7347	dplyr
2016-09-16	6684	dplyr
2016-09-17	3113	dplyr
2016-09-18	3195	dplyr
2016-09-19	6983	dplyr
2016-09-20	7508	dplyr
2016-09-21	7391	dplyr
2016-09-22	7245	dplyr
2016-09-23	6624	dplyr
2016-09-24	3245	dplyr
2016-09-25	2999	dplyr
2016-09-26	7392	dplyr
2016-09-27	7937	dplyr
2016-09-28	7998	dplyr
2016-09-29	7651	dplyr
2016-09-30	6935	dplyr
2016-10-01	3453	dplyr
2016-10-02	3762	dplyr
2016-10-03	7313	dplyr
2016-10-04	8578	dplyr
2016-10-05	7946	dplyr
2016-10-06	8130	dplyr
2016-10-07	7345	dplyr
2016-10-08	3561	dplyr
2016-10-09	3707	dplyr
2016-10-10	7233	dplyr
2016-10-11	7999	dplyr
2016-10-12	7853	dplyr
2016-10-13	7932	dplyr
2016-10-14	6803	dplyr
2016-10-15	4186	dplyr
2016-10-16	3925	dplyr
2016-10-17	8516	dplyr
2016-10-18	8563	dplyr
2016-10-19	8003	dplyr
2016-10-20	8181	dplyr
2016-10-21	7222	dplyr
2016-10-22	3895	dplyr
2016-10-23	4066	dplyr
2016-10-24	8595	dplyr
2016-10-25	8364	dplyr
2016-10-26	7735	dplyr
2016-10-27	7719	dplyr
2016-10-28	6590	dplyr
2016-10-29	3664	dplyr
2016-10-30	4076	dplyr
2016-10-31	7942	dplyr
2016-11-01	7873	dplyr
2016-11-02	9093	dplyr
2016-11-03	9417	dplyr
2016-11-04	8308	dplyr
2016-11-05	4353	dplyr
2016-11-06	4505	dplyr
2016-11-07	8929	dplyr
2016-11-08	9233	dplyr
2016-11-09	8476	dplyr
2016-11-10	8249	dplyr
2016-11-11	6716	dplyr
2016-11-12	4235	dplyr
2016-11-13	4036	dplyr
2016-11-14	8239	dplyr
2016-11-15	8628	dplyr
2016-11-16	9307	dplyr
2016-11-17	8439	dplyr
2016-11-18	7311	dplyr
2016-11-19	3900	dplyr
2016-11-20	4156	dplyr
2016-11-21	7689	dplyr
2016-11-22	8523	dplyr
2016-11-23	7781	dplyr
2016-11-24	6608	dplyr
2016-11-25	5777	dplyr
2016-11-26	3809	dplyr
2016-11-27	4149	dplyr
2016-11-28	8041	dplyr
2016-11-29	8439	dplyr
2016-11-30	7894	dplyr
2016-12-01	7769	dplyr
2016-12-02	7379	dplyr
2016-12-03	3937	dplyr
2016-12-04	4161	dplyr
2016-12-05	7668	dplyr
2016-12-06	8105	dplyr
2016-12-07	8220	dplyr
2016-12-08	7767	dplyr
2016-12-09	7120	dplyr
2016-12-10	4198	dplyr
2016-12-11	3949	dplyr
2016-12-12	7479	dplyr
2016-12-13	7456	dplyr
2016-12-14	7297	dplyr
2016-12-15	6555	dplyr
2016-12-16	5786	dplyr
2016-12-17	3371	dplyr
2016-12-18	3132	dplyr
2016-12-19	6011	dplyr
2016-12-20	6178	dplyr
2016-12-21	6330	dplyr
2016-12-22	5338	dplyr
2016-12-23	3809	dplyr
2016-12-24	2350	dplyr
2016-12-25	1950	dplyr
2016-12-26	2915	dplyr
2016-12-27	3650	dplyr
2016-12-28	4171	dplyr
2016-12-29	4168	dplyr
2016-12-30	3318	dplyr
2016-12-31	2052	dplyr
2017-01-01	1763	dplyr
2017-01-02	3471	dplyr
2017-01-03	13816	dplyr
2017-01-04	8439	dplyr
2017-01-05	5826	dplyr
2017-01-06	5430	dplyr
2017-01-07	2854	dplyr
2017-01-08	3100	dplyr
2017-01-09	7012	dplyr
2017-01-10	7325	dplyr
2017-01-11	14900	dplyr
2017-01-12	12463	dplyr
2017-01-13	8041	dplyr
2017-01-14	3714	dplyr
2017-01-15	3692	dplyr
2017-01-16	6988	dplyr
2017-01-17	8550	dplyr
2017-01-18	13139	dplyr
2017-01-19	10960	dplyr
2017-01-20	18888	dplyr
2017-01-21	3570	dplyr
2017-01-22	3824	dplyr
2017-01-23	15079	dplyr
2017-01-24	10066	dplyr
2017-01-25	11211	dplyr
2017-01-26	9792	dplyr
2017-01-27	10018	dplyr
2017-01-28	4075	dplyr
2017-01-29	4007	dplyr
2017-01-30	9450	dplyr
2017-01-31	9419	dplyr
2017-02-01	15049	dplyr
2017-02-02	11832	dplyr
2017-02-03	10285	dplyr
2017-02-04	7330	dplyr
2017-02-05	4489	dplyr
2017-02-06	8711	dplyr
2017-02-07	14975	dplyr
2017-02-08	9573	dplyr
2017-02-09	10030	dplyr
2017-02-10	10146	dplyr
2017-02-11	9629	dplyr
2017-02-12	4147	dplyr
2017-02-13	9227	dplyr
2017-02-14	13109	dplyr
2017-02-15	25541	dplyr
2017-02-16	15316	dplyr
2017-02-17	9755	dplyr
2017-02-18	4466	dplyr
2017-02-19	4303	dplyr
2017-02-20	8549	dplyr
2017-02-21	16402	dplyr
2017-02-22	12486	dplyr
2017-02-23	10496	dplyr
2017-02-24	10924	dplyr
2017-02-25	4551	dplyr
2017-02-26	9529	dplyr
2017-02-27	12457	dplyr
2017-02-28	9447	dplyr
2017-03-01	9470	dplyr
2017-03-02	10421	dplyr
2017-03-03	8591	dplyr
2017-03-04	4618	dplyr
2017-03-05	4709	dplyr
2017-03-06	10044	dplyr
2017-03-07	10012	dplyr
2017-03-08	16628	dplyr
2017-03-09	9871	dplyr
2017-03-10	10432	dplyr
2017-03-11	8731	dplyr
2017-03-12	5509	dplyr
2017-03-13	9144	dplyr
2017-03-14	9651	dplyr
2017-03-15	12427	dplyr
2017-03-16	9899	dplyr
2017-03-17	8370	dplyr
2017-03-18	4479	dplyr
2017-03-19	4788	dplyr
2017-03-20	14405	dplyr
2017-03-21	10706	dplyr
2017-03-22	10515	dplyr
2017-03-23	12671	dplyr
2017-03-24	17446	dplyr
2017-03-25	4949	dplyr
2017-03-26	4657	dplyr
2017-03-27	17383	dplyr
2017-03-28	10377	dplyr
2017-03-29	10151	dplyr
2017-03-30	9896	dplyr
2017-03-31	8597	dplyr
2017-04-01	4745	dplyr
2017-04-02	4513	dplyr
2017-04-03	9692	dplyr
2017-04-04	10562	dplyr
2017-04-05	10252	dplyr
2017-04-06	10172	dplyr
2017-04-07	9576	dplyr
2017-04-08	4952	dplyr
2017-04-09	4328	dplyr
2017-04-10	10582	dplyr
2017-04-11	9506	dplyr
2017-04-12	9445	dplyr
2017-04-13	9246	dplyr
2017-04-14	7059	dplyr
2017-04-15	4321	dplyr
2017-04-16	3992	dplyr
2017-04-17	7448	dplyr
2017-04-18	9933	dplyr
2017-04-19	10175	dplyr
2017-04-20	10068	dplyr
2017-04-21	8143	dplyr
2017-04-22	5277	dplyr
2017-04-23	9498	dplyr
2017-04-24	10794	dplyr
2017-04-25	11923	dplyr
2017-04-26	12365	dplyr
2017-04-27	10118	dplyr
2017-04-28	8673	dplyr
2017-04-29	4463	dplyr
2017-04-30	4234	dplyr
2017-05-01	6951	dplyr
2017-05-02	9796	dplyr
2017-05-03	9941	dplyr
2017-05-04	9556	dplyr
2017-05-05	8803	dplyr
2017-05-06	4473	dplyr
2017-05-07	4442	dplyr
2017-05-08	9524	dplyr
2017-05-09	9684	dplyr
2017-05-10	9621	dplyr
2017-05-11	9163	dplyr
2017-05-12	7961	dplyr
2017-05-13	4101	dplyr
2017-05-14	4211	dplyr
2017-05-15	9242	dplyr
2017-05-16	9790	dplyr
2017-05-17	9425	dplyr
2017-05-18	9520	dplyr
2017-05-19	8063	dplyr
2017-05-20	3978	dplyr
2017-05-21	3947	dplyr
2017-05-22	8987	dplyr
2017-05-23	9873	dplyr
2017-05-24	9122	dplyr
2017-05-25	8011	dplyr
2017-05-26	7589	dplyr
2017-05-27	4598	dplyr
2017-05-28	3686	dplyr
2017-05-29	6441	dplyr
2017-05-30	8772	dplyr
2017-05-31	8999	dplyr
2017-06-01	9586	dplyr
2017-06-02	8029	dplyr
2017-06-03	3980	dplyr
2017-06-04	3788	dplyr
2017-06-05	7880	dplyr
2017-06-06	9745	dplyr
2017-06-07	9644	dplyr
2017-06-08	8881	dplyr
2017-06-09	12910	dplyr
2017-06-10	8913	dplyr
2017-06-11	6305	dplyr
2017-06-12	14206	dplyr
2017-06-13	14591	dplyr
2017-06-14	14408	dplyr
2017-06-15	12704	dplyr
2017-06-16	11200	dplyr
2017-06-17	5026	dplyr
2017-06-18	4746	dplyr
2017-06-19	12165	dplyr
2017-06-20	13092	dplyr
2017-06-21	12440	dplyr
2017-06-22	15401	dplyr
2017-06-23	14259	dplyr
2017-06-24	5877	dplyr
2017-06-25	5432	dplyr
2017-06-26	12527	dplyr
2017-06-27	13168	dplyr
2017-06-28	12569	dplyr
2017-06-29	12507	dplyr
2017-06-30	10095	dplyr
2017-07-01	4454	dplyr
2017-07-02	4173	dplyr
2017-07-03	10673	dplyr
2017-07-04	9713	dplyr
2017-07-05	11888	dplyr
2017-07-06	11184	dplyr
2017-07-07	10276	dplyr
2017-07-08	4807	dplyr
2017-07-09	4347	dplyr
2017-07-10	11554	dplyr
2017-07-11	17983	dplyr
2017-07-12	11375	dplyr
2017-07-13	11163	dplyr
2017-07-14	8453	dplyr
2017-07-15	3657	dplyr
2017-07-16	3765	dplyr
2017-07-17	10823	dplyr
2017-07-18	12384	dplyr
2017-07-19	12087	dplyr
2017-07-20	11335	dplyr
2017-07-21	14732	dplyr
2017-07-22	5898	dplyr
2017-07-23	5426	dplyr
2017-07-24	12848	dplyr
2017-07-25	13196	dplyr
2017-07-26	12135	dplyr
2017-07-27	11508	dplyr
2017-07-28	9944	dplyr
2017-07-29	4295	dplyr
2017-07-30	4332	dplyr
2017-07-31	10644	dplyr
2017-08-01	10948	dplyr
2017-08-02	10822	dplyr
2017-08-03	10569	dplyr
2017-08-04	8902	dplyr
2017-08-05	4256	dplyr
2017-08-06	3979	dplyr
2017-08-07	9791	dplyr
2017-08-08	10339	dplyr
2017-08-09	9786	dplyr
2017-08-10	9671	dplyr
2017-08-11	8656	dplyr
2017-08-12	3868	dplyr
2017-08-13	3790	dplyr
2017-08-14	9157	dplyr
2017-08-15	9322	dplyr
2017-08-16	9968	dplyr
2017-08-17	10519	dplyr
2017-08-18	9127	dplyr
2017-08-19	4849	dplyr
2017-08-20	4244	dplyr
2017-08-21	9840	dplyr
2017-08-22	10626	dplyr
2017-08-23	11434	dplyr
2017-08-24	10913	dplyr
2017-08-25	8901	dplyr
2017-08-26	4385	dplyr
2017-08-27	4045	dplyr
2017-08-28	10119	dplyr
2017-08-29	11348	dplyr
2017-08-30	11066	dplyr
2017-08-31	11486	dplyr
2017-09-01	9476	dplyr
2017-09-02	4751	dplyr
2017-09-03	4492	dplyr
2017-09-04	8919	dplyr
2017-09-05	11905	dplyr
2017-09-06	13053	dplyr
2017-09-07	32880	dplyr
2017-09-08	11833	dplyr
2017-09-09	6862	dplyr
2017-09-10	9265	dplyr
2017-09-11	18027	dplyr
2017-09-12	16976	dplyr
2017-09-13	16871	dplyr
2017-09-14	16547	dplyr
2017-09-15	13984	dplyr
2017-09-16	6739	dplyr
2017-09-17	6701	dplyr
2017-09-18	15070	dplyr
2017-09-19	15541	dplyr
2017-09-20	15931	dplyr
2017-09-21	14346	dplyr
2017-09-22	13740	dplyr
2017-09-23	6613	dplyr
2017-09-24	6576	dplyr
2017-09-25	15693	dplyr
2017-09-26	17244	dplyr
2017-09-27	15775	dplyr
2017-09-28	16288	dplyr
2017-09-29	18523	dplyr
2017-09-30	7745	dplyr
2017-10-01	7113	dplyr
2017-10-02	16180	dplyr
2017-10-03	16630	dplyr
2017-10-04	15996	dplyr
2017-10-05	15828	dplyr
2017-10-06	13747	dplyr
2017-10-07	6827	dplyr
2017-10-08	7036	dplyr
2017-10-09	14813	dplyr
2017-10-10	17592	dplyr
2017-10-11	17674	dplyr
2017-10-12	15840	dplyr
2017-10-13	14258	dplyr
2017-10-14	6448	dplyr
2017-10-15	6752	dplyr
2017-10-16	15341	dplyr
2017-10-17	16066	dplyr
2017-10-18	15371	dplyr
2017-10-19	14739	dplyr
2017-10-20	12416	dplyr
2017-10-21	6589	dplyr
2017-10-22	6453	dplyr
2017-10-23	14907	dplyr
2017-10-24	15610	dplyr
2017-10-25	16251	dplyr
2017-10-26	15666	dplyr
2017-10-27	13601	dplyr
2017-10-28	6358	dplyr
2017-10-29	6678	dplyr
2017-10-30	14700	dplyr
2017-10-31	14890	dplyr
2017-11-01	13763	dplyr
2017-11-02	15073	dplyr
2017-11-03	12993	dplyr
2017-11-04	6808	dplyr
2017-11-05	7016	dplyr
2017-11-06	15063	dplyr
2017-11-07	16307	dplyr
2017-11-08	16532	dplyr
2017-11-09	16519	dplyr
2017-11-10	13960	dplyr
2017-11-11	7079	dplyr
2017-11-12	7015	dplyr
2017-11-13	15203	dplyr
2017-11-14	16233	dplyr
2017-11-15	15847	dplyr
2017-11-16	16380	dplyr
2017-11-17	14225	dplyr
2017-11-18	7115	dplyr
2017-11-19	7429	dplyr
2017-11-20	16015	dplyr
2017-11-21	16023	dplyr
2017-11-22	14813	dplyr
2017-11-23	12115	dplyr
2017-11-24	12062	dplyr
2017-11-25	7296	dplyr
2017-11-26	7301	dplyr
2017-11-27	15855	dplyr
2017-11-28	15753	dplyr
2017-11-29	16076	dplyr
2017-11-30	15545	dplyr
2017-12-01	14286	dplyr
2017-12-02	9942	dplyr
2017-12-03	9024	dplyr
2017-12-04	17407	dplyr
2017-12-05	17664	dplyr
2017-12-06	17776	dplyr
2017-12-07	16097	dplyr
2017-12-08	13634	dplyr
2017-12-09	8350	dplyr
2017-12-10	8012	dplyr
2017-12-11	15294	dplyr
2017-12-12	16150	dplyr
2017-12-13	15234	dplyr
2017-12-14	14548	dplyr
2017-12-15	12732	dplyr
2017-12-16	7348	dplyr
2017-12-17	6330	dplyr
2017-12-18	13329	dplyr
2017-12-19	13507	dplyr
2017-12-20	12352	dplyr
2017-12-21	11146	dplyr
2017-12-22	8403	dplyr
2017-12-23	4329	dplyr
2017-12-24	3914	dplyr
2017-12-25	4134	dplyr
2017-12-26	6076	dplyr
2017-12-27	7220	dplyr
2017-12-28	6838	dplyr
2017-12-29	5882	dplyr
2017-12-30	3611	dplyr
2017-12-31	2989	dplyr
2018-01-01	3088	dplyr
2018-01-02	7720	dplyr
2018-01-03	9318	dplyr
2018-01-04	10543	dplyr
2018-01-05	9634	dplyr
2018-01-06	5203	dplyr
2018-01-07	5303	dplyr
2018-01-08	11518	dplyr
2018-01-09	12735	dplyr
2018-01-10	13556	dplyr
2018-01-11	13161	dplyr
2018-01-12	11187	dplyr
2018-01-13	6077	dplyr
2018-01-14	5802	dplyr
2018-01-15	10983	dplyr
2018-01-16	14324	dplyr
2018-01-17	15188	dplyr
2018-01-18	15840	dplyr
2018-01-19	13117	dplyr
2018-01-20	6543	dplyr
2018-01-21	6818	dplyr
2018-01-22	15282	dplyr
2018-01-23	16550	dplyr
2018-01-24	15357	dplyr
2018-01-25	14991	dplyr
2018-01-26	13326	dplyr
2018-01-27	6908	dplyr
2018-01-28	7072	dplyr
2018-01-29	15785	dplyr
2018-01-30	18337	dplyr
2018-01-31	15040	dplyr
2018-02-01	15121	dplyr
2018-02-02	13155	dplyr
2018-02-03	6652	dplyr
2018-02-04	6533	dplyr
2018-02-05	14499	dplyr
2018-02-06	15186	dplyr
2018-02-07	14365	dplyr
2018-02-08	14762	dplyr
2018-02-09	13301	dplyr
2018-02-10	7670	dplyr
2018-02-11	6147	dplyr
2018-02-12	13660	dplyr
2018-02-13	14237	dplyr
2018-02-14	13576	dplyr
2018-02-15	13429	dplyr
2018-02-16	12109	dplyr
2018-02-17	5756	dplyr
2018-02-18	6030	dplyr
2018-02-19	12500	dplyr
2018-02-20	14195	dplyr
2018-02-21	14624	dplyr
2018-02-22	13968	dplyr
2018-02-23	12439	dplyr
2018-02-24	6418	dplyr
2018-02-25	6638	dplyr
2018-02-26	14663	dplyr
2018-02-27	14782	dplyr
2018-02-28	14846	dplyr
2018-03-01	13873	dplyr
2018-03-02	12477	dplyr
2018-03-03	6540	dplyr
2018-03-04	6301	dplyr
2018-03-05	14736	dplyr
2018-03-06	15107	dplyr
2018-03-07	15112	dplyr
2018-03-08	14491	dplyr
2018-03-09	12965	dplyr
2018-03-10	7093	dplyr
2018-03-11	6941	dplyr
2018-03-12	15044	dplyr
2018-03-13	15207	dplyr
2018-03-14	15459	dplyr
2018-03-15	15344	dplyr
2018-03-16	13557	dplyr
2018-03-17	7218	dplyr
2018-03-18	6745	dplyr
2018-03-19	14831	dplyr
2018-03-20	15540	dplyr
2018-03-21	16252	dplyr
2018-03-22	15865	dplyr
2018-03-23	14120	dplyr
2018-03-24	7706	dplyr
2018-03-25	7485	dplyr
2018-03-26	15435	dplyr
2018-03-27	15421	dplyr
2018-03-28	14833	dplyr
2018-03-29	13735	dplyr
2018-03-30	10169	dplyr
2018-03-31	6494	dplyr
2018-04-01	6124	dplyr
2018-04-02	12577	dplyr
2018-04-03	15520	dplyr
2018-04-04	16830	dplyr
2018-04-05	15695	dplyr
2018-04-06	12978	dplyr
2018-04-07	10925	dplyr
2018-04-08	8140	dplyr
2018-04-09	15721	dplyr
2018-04-10	17016	dplyr
2018-04-11	16622	dplyr
2018-04-12	15604	dplyr
2018-04-13	14035	dplyr
2018-04-14	8677	dplyr
2018-04-15	8395	dplyr
2018-04-16	15847	dplyr
2018-04-17	17180	dplyr
2018-04-18	16340	dplyr
2018-04-19	15892	dplyr
2018-04-20	13340	dplyr
2018-04-21	7011	dplyr
2018-04-22	7724	dplyr
2018-04-23	15895	dplyr
2018-04-24	18295	dplyr
2018-04-25	18638	dplyr
2018-04-26	17500	dplyr
2018-04-27	17750	dplyr
2018-04-28	15220	dplyr
2018-04-29	15063	dplyr
2018-04-30	18128	dplyr
2018-05-01	13497	dplyr
2018-05-02	16898	dplyr
2018-05-03	16914	dplyr
2018-05-04	13771	dplyr
2018-05-05	8174	dplyr
2018-05-06	7551	dplyr
2018-05-07	14605	dplyr
2018-05-08	15992	dplyr
2018-05-09	15511	dplyr
2018-05-10	14190	dplyr
2018-05-11	13736	dplyr
2018-05-12	8124	dplyr
2018-05-13	7315	dplyr
2018-05-14	15306	dplyr
2018-05-15	15198	dplyr
2018-05-16	14891	dplyr
2018-05-17	15183	dplyr
2018-05-18	13131	dplyr
2018-05-19	11976	dplyr
2018-05-20	10945	dplyr
2018-05-21	17859	dplyr
2018-05-22	19446	dplyr
2018-05-23	20890	dplyr
2018-05-24	20133	dplyr
2018-05-25	17258	dplyr
2018-05-26	8812	dplyr
2018-05-27	9010	dplyr
2018-05-28	15385	dplyr
2018-05-29	18952	dplyr
2018-05-30	20475	dplyr
2018-05-31	18864	dplyr
2018-06-01	15717	dplyr
2018-06-02	7951	dplyr
2018-06-03	8335	dplyr
2018-06-04	17784	dplyr
2018-06-05	18841	dplyr
2018-06-06	18368	dplyr
2018-06-07	18640	dplyr
2018-06-08	15263	dplyr
2018-06-09	8421	dplyr
2018-06-10	7879	dplyr
2018-06-11	17692	dplyr
2018-06-12	18702	dplyr
2018-06-13	17494	dplyr
2018-06-14	17273	dplyr
2018-06-15	14177	dplyr
2018-06-16	7187	dplyr
2018-06-17	6975	dplyr
2018-06-18	15952	dplyr
2018-06-19	16864	dplyr
2018-06-20	17602	dplyr
2018-06-21	17061	dplyr
2018-06-22	14724	dplyr
2018-06-23	7717	dplyr
2018-06-24	7807	dplyr
2018-06-25	15839	dplyr
2018-06-26	17650	dplyr
2018-06-27	16662	dplyr
2018-06-28	16105	dplyr
2018-06-29	13802	dplyr
2018-06-30	10505	dplyr
2018-07-01	8318	dplyr
2018-07-02	17561	dplyr
2018-07-03	18182	dplyr
2018-07-04	17221	dplyr
2018-07-05	18972	dplyr
2018-07-06	16684	dplyr
2018-07-07	9655	dplyr
2018-07-08	9512	dplyr
2018-07-09	19157	dplyr
2018-07-10	18547	dplyr
2018-07-11	17816	dplyr
2018-07-12	16855	dplyr
2018-07-13	14776	dplyr
2018-07-14	8174	dplyr
2018-07-15	7508	dplyr
2018-07-16	16343	dplyr
2018-07-17	17651	dplyr
2018-07-18	17634	dplyr
2018-07-19	16642	dplyr
2018-07-20	14070	dplyr
2018-07-21	7242	dplyr
2018-07-22	7310	dplyr
2018-07-23	16343	dplyr
2018-07-24	17007	dplyr
2018-07-25	16495	dplyr
2018-07-26	15932	dplyr
2018-07-27	14783	dplyr
2018-07-28	7127	dplyr
2018-07-29	6828	dplyr
2018-07-30	15311	dplyr
2018-07-31	16269	dplyr
2018-08-01	15322	dplyr
2018-08-02	15765	dplyr
2018-08-03	13978	dplyr
2018-08-04	6934	dplyr
2018-08-05	7407	dplyr
2018-08-06	15204	dplyr
2018-08-07	15602	dplyr
2018-08-08	15527	dplyr
2018-08-09	15341	dplyr
2018-08-10	13144	dplyr
2018-08-11	7029	dplyr
2018-08-12	6330	dplyr
2018-08-13	14782	dplyr
2018-08-14	15270	dplyr
2018-08-15	13069	dplyr
2018-08-16	14660	dplyr
2018-08-17	12095	dplyr
2018-08-18	6740	dplyr
2018-08-19	6511	dplyr
2018-08-20	15274	dplyr
2018-08-21	16616	dplyr
2018-08-22	15600	dplyr
2018-08-23	15727	dplyr
2018-08-24	14124	dplyr
2018-08-25	6933	dplyr
2018-08-26	6811	dplyr
2018-08-27	15368	dplyr
2018-08-28	17765	dplyr
2018-08-29	17830	dplyr
2018-08-30	17480	dplyr
2018-08-31	14569	dplyr
2018-09-01	7431	dplyr
2018-09-02	6748	dplyr
2018-09-03	13670	dplyr
2018-09-04	18419	dplyr
2018-09-05	19586	dplyr
2018-09-06	20234	dplyr
2018-09-07	16491	dplyr
2018-09-08	8430	dplyr
2018-09-09	7830	dplyr
2018-09-10	19116	dplyr
2018-09-11	19698	dplyr
2018-09-12	21467	dplyr
2018-09-13	22605	dplyr
2018-09-14	20663	dplyr
2018-09-15	9404	dplyr
2018-09-16	9504	dplyr
2018-09-17	22604	dplyr
2018-09-18	24369	dplyr
2018-09-19	23494	dplyr
2018-09-20	23775	dplyr
2018-09-21	25338	dplyr
2018-09-22	12044	dplyr
2018-09-23	10203	dplyr
2018-09-24	21180	dplyr
2018-09-25	24523	dplyr
2018-09-26	23301	dplyr
2018-09-27	23632	dplyr
2018-09-28	19466	dplyr
2018-09-29	10582	dplyr
2018-09-30	10081	dplyr
2018-10-01	22637	dplyr
2018-10-02	23542	dplyr
2018-10-03	24206	dplyr
2018-10-04	25167	dplyr
2018-10-05	21400	dplyr
2018-10-06	10629	dplyr
2018-10-07	10896	dplyr
2018-10-08	23088	dplyr
2018-10-09	24870	dplyr
2018-10-10	24568	dplyr
2018-10-11	25679	dplyr
2018-10-12	20402	dplyr
2018-10-13	12350	dplyr
2018-10-14	11481	dplyr
2018-10-15	23581	dplyr
2018-10-16	32127	dplyr
2018-10-17	34008	dplyr
2018-10-18	29982	dplyr
2018-10-19	24872	dplyr
2018-10-20	13240	dplyr
2018-10-21	13081	dplyr
2018-10-22	27409	dplyr
2018-10-23	28526	dplyr
2018-10-24	27700	dplyr
2018-10-25	26704	dplyr
2018-10-26	23162	dplyr
2018-10-27	12898	dplyr
2018-10-28	12085	dplyr
2018-10-29	25823	dplyr
2018-10-30	27782	dplyr
2018-10-31	25781	dplyr
2018-11-01	23227	dplyr
2018-11-02	20777	dplyr
2018-11-03	11745	dplyr
2018-11-04	11810	dplyr
2018-11-05	25129	dplyr
2018-11-06	26278	dplyr
2018-11-07	25239	dplyr
2018-11-08	26034	dplyr
2018-11-09	22394	dplyr
2018-11-10	15787	dplyr
2018-11-11	16565	dplyr
2018-11-12	31577	dplyr
2018-11-13	35894	dplyr
2018-11-14	31759	dplyr
2018-11-15	28842	dplyr
2018-11-16	25693	dplyr
2018-11-17	13225	dplyr
2018-11-18	13111	dplyr
2018-11-19	25931	dplyr
2018-11-20	26621	dplyr
2018-11-21	25311	dplyr
2018-11-22	21506	dplyr
2018-11-23	18451	dplyr
2018-11-24	12270	dplyr
2018-11-25	12253	dplyr
2018-11-26	26422	dplyr
2018-11-27	28596	dplyr
2018-11-28	27852	dplyr
2018-11-29	28080	dplyr
2018-11-30	23932	dplyr
2018-12-01	12893	dplyr
2018-12-02	13371	dplyr
2018-12-03	26443	dplyr
2018-12-04	26961	dplyr
2018-12-05	26662	dplyr
2018-12-06	27530	dplyr
2018-12-07	23895	dplyr
2018-12-08	15155	dplyr
2018-12-09	14391	dplyr
2018-12-10	25215	dplyr
2018-12-11	24471	dplyr
2018-12-12	22944	dplyr
2018-12-13	23218	dplyr
2018-12-14	19337	dplyr
2018-12-15	11407	dplyr
2018-12-16	11818	dplyr
2018-12-17	20603	dplyr
2018-12-18	21061	dplyr
2018-12-19	20142	dplyr
2018-12-20	18553	dplyr
2018-12-21	15096	dplyr
2018-12-22	8563	dplyr
2018-12-23	8735	dplyr
2018-12-24	9995	dplyr
2018-12-25	8648	dplyr
2018-12-26	12235	dplyr
2018-12-27	14021	dplyr
2018-12-28	12601	dplyr
2018-12-29	8268	dplyr
2018-12-30	8140	dplyr
2018-12-31	9687	dplyr
2019-01-01	8060	dplyr
2019-01-02	16345	dplyr
2019-01-03	17917	dplyr
2019-01-04	16924	dplyr
2019-01-05	10490	dplyr
2019-01-06	10403	dplyr
2019-01-07	20786	dplyr
2019-01-08	23565	dplyr
2019-01-09	26471	dplyr
2019-01-10	27745	dplyr
2019-01-11	25958	dplyr
2019-01-12	13721	dplyr
2019-01-13	13891	dplyr
2019-01-14	26135	dplyr
2019-01-15	29408	dplyr
2019-01-16	28754	dplyr
2019-01-17	28227	dplyr
2019-01-18	24468	dplyr
2019-01-19	13286	dplyr
2019-01-20	12486	dplyr
2019-01-21	26985	dplyr
2019-01-22	34903	dplyr
2019-01-23	28638	dplyr
2019-01-24	27633	dplyr
2019-01-25	24670	dplyr
2019-01-26	12452	dplyr
2019-01-27	12619	dplyr
2019-01-28	27714	dplyr
2019-01-29	27674	dplyr
2019-01-30	26505	dplyr
2019-01-31	27012	dplyr
2019-02-01	23935	dplyr
2019-02-02	12796	dplyr
2019-02-03	12461	dplyr
2019-02-04	26955	dplyr
2019-02-05	28367	dplyr
2019-02-06	28753	dplyr
2019-02-07	34366	dplyr
2019-02-08	29885	dplyr
2019-02-09	14903	dplyr
2019-02-10	15128	dplyr
2019-02-11	28678	dplyr
2019-02-12	27834	dplyr
2019-02-13	28116	dplyr
2019-02-14	27093	dplyr
2019-02-15	36538	dplyr
2019-02-16	18368	dplyr
2019-02-17	18136	dplyr
2019-02-18	32224	dplyr
2019-02-19	34299	dplyr
2019-02-20	32637	dplyr
2019-02-21	31812	dplyr
2019-02-22	27705	dplyr
2019-02-23	14456	dplyr
2019-02-24	14372	dplyr
2019-02-25	30265	dplyr
2019-02-26	31033	dplyr
2019-02-27	29820	dplyr
2019-02-28	29220	dplyr
2019-03-01	25817	dplyr
2019-03-02	13626	dplyr
2019-03-03	13868	dplyr
2019-03-04	29135	dplyr
2019-03-05	30970	dplyr
2019-03-06	31001	dplyr
2019-03-07	30836	dplyr
2019-03-08	26289	dplyr
2019-03-09	14249	dplyr
2019-03-10	14552	dplyr
2019-03-11	29678	dplyr
2019-03-12	31527	dplyr
2019-03-13	31599	dplyr
2019-03-14	30339	dplyr
2019-03-15	27146	dplyr
2019-03-16	14396	dplyr
2019-03-17	14609	dplyr
2019-03-18	29640	dplyr
2019-03-19	31499	dplyr
2019-03-20	31704	dplyr
2019-03-21	29536	dplyr
2019-03-22	26751	dplyr
2019-03-23	15116	dplyr
2019-03-24	14551	dplyr
2019-03-25	30762	dplyr
2019-03-26	33259	dplyr
2019-03-27	32260	dplyr
2019-03-28	32003	dplyr
2019-03-29	27201	dplyr
2019-03-30	15419	dplyr
2019-03-31	15687	dplyr
2019-04-01	31356	dplyr
2019-04-02	33300	dplyr
2019-04-03	34602	dplyr
2019-04-04	33678	dplyr
2019-04-05	30217	dplyr
2019-04-06	17107	dplyr
2019-04-07	17541	dplyr
2019-04-08	32777	dplyr
2019-04-09	34267	dplyr
2019-04-10	34473	dplyr
2019-04-11	33077	dplyr
2019-04-12	28859	dplyr
2019-04-13	16565	dplyr
2019-04-14	16497	dplyr
2019-04-15	31009	dplyr
2019-04-16	31696	dplyr
2019-04-17	31970	dplyr
2019-04-18	29111	dplyr
2019-04-19	22716	dplyr
2019-04-20	15674	dplyr
2019-04-21	15065	dplyr
2019-04-22	26176	dplyr
2019-04-23	31885	dplyr
2019-04-24	36479	dplyr
2019-04-25	33564	dplyr
2019-04-26	30938	dplyr
2019-04-27	19318	dplyr
2019-04-28	20555	dplyr
2019-04-29	36369	dplyr
2019-04-30	36647	dplyr
2019-05-01	29981	dplyr
2019-05-02	35954	dplyr
2019-05-03	33442	dplyr
2019-05-04	20183	dplyr
2019-05-05	19492	dplyr
2019-05-06	34734	dplyr
2019-05-07	37454	dplyr
2019-05-08	37129	dplyr
2019-05-09	36687	dplyr
2019-05-10	31731	dplyr
2019-05-11	17799	dplyr
2019-05-12	17351	dplyr
2019-05-13	34972	dplyr
2019-05-14	44309	dplyr
2019-05-15	47609	dplyr
2019-05-16	42666	dplyr
2019-05-17	36096	dplyr
2019-05-18	20555	dplyr
2019-05-19	19934	dplyr
2019-05-20	37733	dplyr
2019-05-21	39938	dplyr
2019-05-22	37163	dplyr
2019-05-23	37506	dplyr
2019-05-24	33219	dplyr
2019-05-25	18388	dplyr
2019-05-26	18804	dplyr
2019-05-27	30561	dplyr
2019-05-28	37569	dplyr
2019-05-29	36296	dplyr
2019-05-30	32649	dplyr
2019-05-31	29470	dplyr
2019-06-01	18458	dplyr
2019-06-02	18414	dplyr
2019-06-03	35872	dplyr
2019-06-04	36844	dplyr
2019-06-05	35126	dplyr
2019-06-06	34349	dplyr
2019-06-07	31138	dplyr
2019-06-08	16083	dplyr
2019-06-09	15531	dplyr
2019-06-10	29977	dplyr
2019-06-11	34617	dplyr
2019-06-12	32844	dplyr
2019-06-13	31341	dplyr
2019-06-14	29475	dplyr
2019-06-15	16029	dplyr
2019-06-16	16829	dplyr
2019-06-17	32928	dplyr
2019-06-18	34789	dplyr
2019-06-19	34262	dplyr
2019-06-20	32042	dplyr
2019-06-21	28543	dplyr
2019-06-22	15838	dplyr
2019-06-23	15467	dplyr
2019-06-24	30820	dplyr
2019-06-25	33441	dplyr
2019-06-26	29152	dplyr
2019-06-27	28295	dplyr
2019-06-28	25707	dplyr
2019-06-29	18328	dplyr
2019-06-30	18550	dplyr
2019-07-01	36019	dplyr
2019-07-02	34847	dplyr
2019-07-03	36363	dplyr
2019-07-04	31563	dplyr
2019-07-05	35168	dplyr
2019-07-06	20757	dplyr
2019-07-07	20032	dplyr
2019-07-08	39981	dplyr
2019-07-09	38351	dplyr
2019-07-10	35514	dplyr
2019-07-11	33864	dplyr
2019-07-12	30374	dplyr
2019-07-13	16591	dplyr
2019-07-14	16488	dplyr
2019-07-15	32038	dplyr
2019-07-16	33770	dplyr
2019-07-17	33696	dplyr
2019-07-18	34338	dplyr
2019-07-19	30330	dplyr
2019-07-20	16405	dplyr
2019-07-21	16420	dplyr
2019-07-22	32458	dplyr
2019-07-23	33020	dplyr
2019-07-24	33685	dplyr
2019-07-25	33842	dplyr
2019-07-26	30445	dplyr
2019-07-27	17288	dplyr
2019-07-28	16840	dplyr
2019-07-29	32597	dplyr
2019-07-30	33655	dplyr
2019-07-31	31716	dplyr
2019-08-01	31006	dplyr
2019-08-02	29209	dplyr
2019-08-03	16614	dplyr
2019-08-04	16020	dplyr
2019-08-05	32819	dplyr
2019-08-06	35352	dplyr
2019-08-07	33636	dplyr
2019-08-08	32598	dplyr
2019-08-09	27772	dplyr
2019-08-10	16192	dplyr
2019-08-11	15216	dplyr
2019-08-12	28851	dplyr
2019-08-13	30855	dplyr
2019-08-14	30158	dplyr
2019-08-15	26684	dplyr
2019-08-16	25820	dplyr
2019-08-17	15147	dplyr
2019-08-18	14800	dplyr
2019-08-19	30095	dplyr
2019-08-20	31999	dplyr
2019-08-21	32197	dplyr
2019-08-22	31654	dplyr
2019-08-23	26757	dplyr
2019-08-24	16718	dplyr
2019-08-25	16653	dplyr
2019-08-26	32319	dplyr
2019-08-27	34711	dplyr
2019-08-28	34950	dplyr
2019-08-29	33807	dplyr
2019-08-30	30478	dplyr
2019-08-31	17639	dplyr
2019-09-01	17153	dplyr
2019-09-02	27758	dplyr
2019-09-03	35865	dplyr
2019-09-04	40530	dplyr
2019-09-05	38642	dplyr
2019-09-06	35777	dplyr
2019-09-07	23531	dplyr
2019-09-08	21275	dplyr
2019-09-09	40139	dplyr
2019-09-10	39336	dplyr
2019-09-11	41116	dplyr
2019-09-12	40391	dplyr
2019-09-13	35455	dplyr
2019-09-14	23465	dplyr
2019-09-15	23615	dplyr
2019-09-16	43483	dplyr
2019-09-17	46275	dplyr
2019-09-18	45328	dplyr
2019-09-19	45103	dplyr
2019-09-20	39439	dplyr
2019-09-21	25729	dplyr
2019-09-22	24974	dplyr
2019-09-23	44256	dplyr
2019-09-24	45226	dplyr
2019-09-25	43585	dplyr
2019-09-26	41641	dplyr
2019-09-27	36935	dplyr
2019-09-28	24385	dplyr
2019-09-29	24564	dplyr
2019-09-30	42810	dplyr
2019-10-01	44510	dplyr
2019-10-02	43104	dplyr
2019-10-03	40552	dplyr
2019-10-04	37585	dplyr
2019-10-05	24799	dplyr
2019-10-06	23491	dplyr
2019-10-07	42083	dplyr
2019-10-08	43705	dplyr
2019-10-09	44250	dplyr
2019-10-10	43030	dplyr
2019-10-11	38447	dplyr
2019-10-12	25433	dplyr
2019-10-13	25546	dplyr
2019-10-14	42364	dplyr
2019-10-15	44412	dplyr
2019-10-16	44108	dplyr
2019-10-17	42982	dplyr
2019-10-18	37660	dplyr
2019-10-19	25414	dplyr
2019-10-20	24438	dplyr
2019-10-21	43231	dplyr
2019-10-22	46620	dplyr
2019-10-23	44533	dplyr
2019-10-24	43852	dplyr
2019-10-25	39123	dplyr
2019-10-26	24248	dplyr
2019-10-27	24118	dplyr
2019-10-28	40036	dplyr
2019-10-29	44149	dplyr
2019-10-30	42319	dplyr
2019-10-31	40498	dplyr
2019-11-01	33060	dplyr
2019-11-02	22150	dplyr
2019-11-03	23426	dplyr
2019-11-04	39746	dplyr
2019-11-05	43888	dplyr
2019-11-06	43630	dplyr
2019-11-07	40729	dplyr
2019-11-08	36222	dplyr
2019-11-09	24609	dplyr
2019-11-10	24349	dplyr
2019-11-11	42817	dplyr
2019-11-12	44045	dplyr
2019-11-13	43198	dplyr
2019-11-14	40558	dplyr
2019-11-15	37282	dplyr
2019-11-16	24342	dplyr
2019-11-17	24817	dplyr
2019-11-18	41404	dplyr
2019-11-19	43736	dplyr
2019-11-20	40785	dplyr
2019-11-21	46273	dplyr
2019-11-22	41856	dplyr
2019-11-23	25060	dplyr
2019-11-24	25417	dplyr
2019-11-25	44645	dplyr
2019-11-26	46631	dplyr
2019-11-27	43863	dplyr
2019-11-28	38934	dplyr
2019-11-29	33640	dplyr
2019-11-30	25009	dplyr
2019-12-01	26430	dplyr
2019-12-02	47030	dplyr
2019-12-03	48035	dplyr
2019-12-04	46892	dplyr
2019-12-05	44231	dplyr
2019-12-06	52651	dplyr
2019-12-07	24696	dplyr
2019-12-08	25059	dplyr
2019-12-09	43861	dplyr
2019-12-10	44443	dplyr
2019-12-11	43888	dplyr
2019-12-12	41600	dplyr
2019-12-13	38344	dplyr
2019-12-14	25043	dplyr
2019-12-15	24680	dplyr
2019-12-16	41314	dplyr
2019-12-17	41704	dplyr
2019-12-18	38892	dplyr
2019-12-19	37813	dplyr
2019-12-20	33554	dplyr
2019-12-21	21755	dplyr
2019-12-22	20149	dplyr
2019-12-23	27355	dplyr
2019-12-24	22742	dplyr
2019-12-25	17921	dplyr
2019-12-26	23060	dplyr
2019-12-27	23965	dplyr
2019-12-28	20632	dplyr
2019-12-29	20758	dplyr
2019-12-30	28627	dplyr
2019-12-31	23584	dplyr
2020-01-01	18416	dplyr
2020-01-02	30009	dplyr
2020-01-03	31303	dplyr
2020-01-04	22676	dplyr
2020-01-05	22178	dplyr
2020-01-06	36345	dplyr
2020-01-07	41348	dplyr
2020-01-08	40857	dplyr
2020-01-09	41358	dplyr
2020-01-10	38757	dplyr
2020-01-11	24743	dplyr
2020-01-12	24825	dplyr
2020-01-13	43211	dplyr
2020-01-14	44860	dplyr
2020-01-15	44011	dplyr
2020-01-16	43790	dplyr
2020-01-17	38344	dplyr
2020-01-18	22497	dplyr
2020-01-19	23676	dplyr
2020-01-20	38726	dplyr
2020-01-21	45137	dplyr
2020-01-22	45135	dplyr
2020-01-23	43634	dplyr
2020-01-24	39410	dplyr
2020-01-25	24925	dplyr
2020-01-26	24714	dplyr
2020-01-27	43476	dplyr
2020-01-28	44966	dplyr
2020-01-29	45781	dplyr
2020-01-30	44282	dplyr
2020-01-31	44269	dplyr
2020-02-01	33725	dplyr
2020-02-02	31395	dplyr
2020-02-03	57613	dplyr
2020-02-04	57062	dplyr
2020-02-05	54432	dplyr
2020-02-06	55009	dplyr
2020-02-07	50080	dplyr
2020-02-08	31360	dplyr
2020-02-09	30194	dplyr
2020-02-10	52460	dplyr
2020-02-11	55005	dplyr
2020-02-12	55779	dplyr
2020-02-13	50724	dplyr
2020-02-14	43993	dplyr
2020-02-15	26078	dplyr
2020-02-16	26118	dplyr
2020-02-17	46901	dplyr
2020-02-18	52868	dplyr
2020-02-19	53452	dplyr
2020-02-20	52444	dplyr
2020-02-21	45979	dplyr
2020-02-22	29416	dplyr
2020-02-23	29196	dplyr
2020-02-24	48799	dplyr
2020-02-25	51433	dplyr
2020-02-26	51772	dplyr
2020-02-27	48804	dplyr
2020-02-28	41526	dplyr
2020-02-29	7274	dplyr
2020-03-01	24955	dplyr
2020-03-02	46851	dplyr
2020-03-03	48282	dplyr
2020-03-04	49383	dplyr
2020-03-05	48028	dplyr
2020-03-06	43967	dplyr
2020-03-07	32134	dplyr
2020-03-08	34511	dplyr
2020-03-09	59288	dplyr
2020-03-10	57601	dplyr
2020-03-11	55275	dplyr
2020-03-12	52415	dplyr
2020-03-13	43417	dplyr
2020-03-14	27869	dplyr
2020-03-15	28505	dplyr
2020-03-16	44559	dplyr
2020-03-17	49216	dplyr
2020-03-18	53622	dplyr
2020-03-19	51861	dplyr
2020-03-20	47458	dplyr
2020-03-21	33012	dplyr
2020-03-22	34763	dplyr
2020-03-23	52472	dplyr
2020-03-24	51007	dplyr
2020-03-25	50266	dplyr
2020-03-26	52997	dplyr
2020-03-27	50036	dplyr
2020-03-28	34808	dplyr
2020-03-29	35320	dplyr
2020-03-30	51208	dplyr
2020-03-31	53255	dplyr
2020-04-01	53332	dplyr
2020-04-02	51974	dplyr
2020-04-03	47910	dplyr
2020-04-04	34298	dplyr
2020-04-05	33908	dplyr
2020-04-06	51452	dplyr
2020-04-07	51649	dplyr
2020-04-08	52590	dplyr
2020-04-09	48406	dplyr
2020-04-10	42835	dplyr
2020-04-11	34438	dplyr
2020-04-12	33326	dplyr
2020-04-13	47097	dplyr
2020-04-14	51491	dplyr
2020-04-15	51254	dplyr
2020-04-16	50088	dplyr
2020-04-17	45884	dplyr
2020-04-18	34630	dplyr
2020-04-19	34069	dplyr
2020-04-20	50077	dplyr
2020-04-21	50844	dplyr
2020-04-22	50296	dplyr
2020-04-23	49911	dplyr
2020-04-24	49242	dplyr
2020-04-25	36765	dplyr
2020-04-26	36921	dplyr
2020-04-27	54013	dplyr
2020-04-28	54232	dplyr
2020-04-29	55041	dplyr
2020-04-30	51307	dplyr
2020-05-01	45000	dplyr
2020-05-02	35090	dplyr
2020-05-03	33950	dplyr
2020-05-04	47205	dplyr
2020-05-05	46390	dplyr
2020-05-06	49830	dplyr
2020-05-07	48080	dplyr
2020-05-08	40883	dplyr
2020-05-09	28474	dplyr
2020-05-10	28013	dplyr
2020-05-11	44444	dplyr
2020-05-12	47386	dplyr
2020-05-13	46997	dplyr
2020-05-14	46572	dplyr
2020-05-15	46538	dplyr
2020-05-16	30429	dplyr
2020-05-17	29281	dplyr
2020-05-18	45991	dplyr
2020-05-19	46459	dplyr
2020-05-20	41972	dplyr
2020-05-21	37945	dplyr
2020-05-22	35521	dplyr
2020-05-23	23940	dplyr
2020-05-24	23086	dplyr
2020-05-25	34980	dplyr
2020-05-26	40751	dplyr
2020-05-27	42172	dplyr
2020-05-28	43351	dplyr
2020-05-29	49494	dplyr
2020-05-30	32604	dplyr
2020-05-31	31343	dplyr
2020-06-01	50366	dplyr
2020-06-02	52765	dplyr
2020-06-03	52948	dplyr
2020-06-04	50348	dplyr
2020-06-05	47053	dplyr
2020-06-06	31556	dplyr
2020-06-07	32620	dplyr
2020-06-08	51816	dplyr
2020-06-09	51841	dplyr
2020-06-10	49710	dplyr
2020-06-11	48361	dplyr
2020-06-12	44394	dplyr
2020-06-13	29262	dplyr
2020-06-14	29947	dplyr
2020-06-15	48074	dplyr
2020-06-16	47806	dplyr
2020-06-17	45596	dplyr
2020-06-18	43152	dplyr
2020-06-19	37575	dplyr
2020-06-20	24222	dplyr
2020-06-21	23537	dplyr
2020-06-22	41854	dplyr
2020-06-23	44296	dplyr
2020-06-24	42407	dplyr
2020-06-25	42091	dplyr
2020-06-26	37934	dplyr
2020-06-27	23666	dplyr
2020-06-28	24163	dplyr
2020-06-29	42252	dplyr
2020-06-30	42973	dplyr
2020-07-01	44779	dplyr
2020-07-02	48513	dplyr
2020-07-03	33468	dplyr
2020-07-04	22449	dplyr
2020-07-05	21502	dplyr
2020-07-06	39509	dplyr
2020-07-07	40883	dplyr
2020-07-08	40345	dplyr
2020-07-09	39392	dplyr
2020-07-10	37228	dplyr
2020-07-11	19964	dplyr
2020-07-12	19402	dplyr
2020-07-13	36421	dplyr
2020-07-14	38164	dplyr
2020-07-15	41807	dplyr
2020-07-16	41377	dplyr
2020-07-17	36902	dplyr
2020-07-18	20876	dplyr
2020-07-19	21233	dplyr
2020-07-20	39801	dplyr
2020-07-21	42202	dplyr
2020-07-22	39781	dplyr
2020-07-23	39910	dplyr
2020-07-24	37089	dplyr
2020-07-25	23112	dplyr
2020-07-26	22928	dplyr
2020-07-27	40267	dplyr
2020-07-28	39207	dplyr
2020-07-29	39717	dplyr
2020-07-30	40741	dplyr
2020-07-31	43251	dplyr
2020-08-01	28352	dplyr
2020-08-02	27239	dplyr
2020-08-03	46422	dplyr
2020-08-04	45445	dplyr
2020-08-05	46098	dplyr
2020-08-06	44032	dplyr
2020-08-07	37876	dplyr
2020-08-08	23184	dplyr
2020-08-09	22289	dplyr
2020-08-10	41066	dplyr
2020-08-11	42083	dplyr
2020-08-12	43987	dplyr
2020-08-13	42259	dplyr
2020-08-14	37912	dplyr
2020-08-15	24395	dplyr
2020-08-16	24865	dplyr
2020-08-17	41972	dplyr
2020-08-18	48924	dplyr
2020-08-19	54458	dplyr
2020-08-20	49985	dplyr
2020-08-21	42507	dplyr
2020-08-22	25013	dplyr
2020-08-23	25513	dplyr
2020-08-24	44592	dplyr
2020-08-25	45118	dplyr
2020-08-26	47126	dplyr
2020-08-27	45127	dplyr
2020-08-28	40850	dplyr
2020-08-29	25635	dplyr
2020-08-30	25518	dplyr
2020-08-31	44715	dplyr
2020-09-01	47773	dplyr
2020-09-02	50170	dplyr
2020-09-03	50434	dplyr
2020-09-04	42741	dplyr
2020-09-05	26076	dplyr
2020-09-06	26887	dplyr
2020-09-07	40782	dplyr
2020-09-08	48213	dplyr
2020-09-09	49351	dplyr
2020-09-10	48541	dplyr
2020-09-11	45182	dplyr
2020-09-12	27498	dplyr
2020-09-13	27046	dplyr
2020-09-14	47969	dplyr
2020-09-15	51157	dplyr
2020-09-16	51696	dplyr
2020-09-17	52622	dplyr
2020-09-18	50943	dplyr
2020-09-19	29087	dplyr
2020-09-20	28858	dplyr
2020-09-21	50030	dplyr
2020-09-22	50979	dplyr
2020-09-23	50932	dplyr
2020-09-24	50014	dplyr
2020-09-25	45961	dplyr
2020-09-26	29389	dplyr
2020-09-27	30717	dplyr
2020-09-28	49281	dplyr
2020-09-29	49500	dplyr
2020-09-30	48096	dplyr
2020-10-01	47046	dplyr
2020-10-02	52331	dplyr
2020-10-03	33325	dplyr
2020-10-04	33632	dplyr
2020-10-05	59463	dplyr
2020-10-06	62681	dplyr
2020-10-07	58055	dplyr
2020-10-08	58634	dplyr
2020-10-09	54160	dplyr
2020-10-10	33370	dplyr
2020-10-11	34281	dplyr
2020-10-12	55819	dplyr
2020-10-13	59492	dplyr
2020-10-14	60279	dplyr
2020-10-15	59496	dplyr
2020-10-16	54479	dplyr
2020-10-17	34204	dplyr
2020-10-18	33935	dplyr
2020-10-19	60788	dplyr
2020-10-20	61682	dplyr
2020-10-21	60894	dplyr
2020-10-22	60214	dplyr
2020-10-23	52702	dplyr
2020-10-24	32797	dplyr
2020-10-25	34574	dplyr
2020-10-26	55371	dplyr
2020-10-27	60886	dplyr
2020-10-28	59201	dplyr
2020-10-29	58698	dplyr
2020-10-30	51607	dplyr
2020-10-31	26750	dplyr
2020-11-01	27775	dplyr
2020-11-02	54127	dplyr
2020-11-03	58532	dplyr
2020-11-04	55707	dplyr
2020-11-05	57305	dplyr
2020-11-06	49249	dplyr
2020-11-07	29349	dplyr
2020-11-08	29583	dplyr
2020-11-09	56549	dplyr
2020-11-10	60319	dplyr
2020-11-11	56740	dplyr
2020-11-12	55460	dplyr
2020-11-13	50974	dplyr
2020-11-14	29020	dplyr
2020-11-15	29070	dplyr
2020-11-16	55024	dplyr
2020-11-17	61303	dplyr
2020-11-18	56796	dplyr
2020-11-19	55380	dplyr
2020-11-20	54819	dplyr
2020-11-21	30657	dplyr
2020-11-22	32488	dplyr
2020-11-23	56020	dplyr
2020-11-24	55940	dplyr
2020-11-25	43801	dplyr
2020-11-26	43837	dplyr
2020-11-27	40282	dplyr
2020-11-28	26881	dplyr
2020-11-29	28202	dplyr
2020-11-30	53177	dplyr
2020-12-01	56775	dplyr
2020-12-02	57067	dplyr
2020-12-03	55231	dplyr
2020-12-04	52654	dplyr
2020-12-05	35710	dplyr
2020-12-06	33728	dplyr
2020-12-07	55655	dplyr
2020-12-08	52413	dplyr
2020-12-09	54154	dplyr
2020-12-10	52923	dplyr
2020-12-11	49451	dplyr
2020-12-12	29716	dplyr
2020-12-13	32239	dplyr
2020-12-14	51634	dplyr
2020-12-15	51350	dplyr
2020-12-16	52687	dplyr
2020-12-17	49893	dplyr
2020-12-18	44965	dplyr
2020-12-19	27289	dplyr
2020-12-20	26963	dplyr
2020-12-21	47761	dplyr
2020-12-22	60192	dplyr
2020-12-23	42683	dplyr
2020-12-24	31170	dplyr
2020-12-25	22927	dplyr
2020-12-26	23866	dplyr
2020-12-27	26719	dplyr
2020-12-28	38774	dplyr
2020-12-29	45019	dplyr
2020-12-30	38997	dplyr
2020-12-31	32569	dplyr
2021-01-01	25257	dplyr
2021-01-02	27372	dplyr
2021-01-03	28589	dplyr
2021-01-04	49611	dplyr
2021-01-05	51539	dplyr
2021-01-06	50601	dplyr
2021-01-07	53668	dplyr
2021-01-08	47281	dplyr
2021-01-09	30529	dplyr
2021-01-10	29585	dplyr
2021-01-11	54858	dplyr
2021-01-12	54889	dplyr
2021-01-13	55309	dplyr
2021-01-14	52580	dplyr
2021-01-15	55567	dplyr
2021-01-16	38472	dplyr
2021-01-17	38258	dplyr
2021-01-18	61703	dplyr
2021-01-19	66207	dplyr
2021-01-20	64652	dplyr
2021-01-21	60715	dplyr
2021-01-22	55412	dplyr
2021-01-23	31257	dplyr
2021-01-24	30297	dplyr
2021-01-25	55508	dplyr
2021-01-26	56302	dplyr
2021-01-27	57912	dplyr
2021-01-28	60109	dplyr
2021-01-29	51073	dplyr
2021-01-30	34137	dplyr
2021-01-31	33711	dplyr
2021-02-01	55946	dplyr
2021-02-02	63951	dplyr
2021-02-03	74567	dplyr
2021-02-04	72306	dplyr
2021-02-05	62114	dplyr
2021-02-06	35056	dplyr
2021-02-07	36065	dplyr
2021-02-08	63279	dplyr
2021-02-09	65254	dplyr
2021-02-10	63208	dplyr
2021-02-11	59532	dplyr
2021-02-12	52665	dplyr
2021-02-13	29835	dplyr
2021-02-14	30309	dplyr
2021-02-15	58171	dplyr
2021-02-16	59525	dplyr
2021-02-17	64285	dplyr
2021-02-18	64863	dplyr
2021-02-19	55609	dplyr
2021-02-20	31643	dplyr
2021-02-21	33618	dplyr
2021-02-22	61314	dplyr
2021-02-23	62901	dplyr
2021-02-24	62335	dplyr
2021-02-25	61535	dplyr
2021-02-26	55085	dplyr
2021-02-27	34000	dplyr
2021-02-28	33859	dplyr
2021-03-01	62738	dplyr
2021-03-02	65106	dplyr
2021-03-03	66345	dplyr
2021-03-04	64263	dplyr
2021-03-05	65008	dplyr
2021-03-06	40364	dplyr
2021-03-07	40770	dplyr
2021-03-08	74609	dplyr
2021-03-09	72063	dplyr
2021-03-10	75987	dplyr
2021-03-11	67731	dplyr
2021-03-12	59591	dplyr
2021-03-13	36006	dplyr
2021-03-14	37877	dplyr
2021-03-15	64771	dplyr
2021-03-16	70297	dplyr
2021-03-17	68160	dplyr
2021-03-18	65181	dplyr
2021-03-19	55829	dplyr
2021-03-20	34260	dplyr
2021-03-21	34737	dplyr
2021-03-22	60855	dplyr
2021-03-23	63414	dplyr
2021-03-24	60726	dplyr
2021-03-25	59585	dplyr
2021-03-26	53836	dplyr
2021-03-27	32674	dplyr
2021-03-28	32312	dplyr
2021-03-29	57738	dplyr
2021-03-30	60428	dplyr
2021-03-31	60101	dplyr
2021-04-01	56489	dplyr
2021-04-02	44444	dplyr
2021-04-03	33037	dplyr
2021-04-04	31889	dplyr
2021-04-05	51111	dplyr
2021-04-06	60479	dplyr
2021-04-07	61778	dplyr
2021-04-08	60350	dplyr
2021-04-09	54014	dplyr
2021-04-10	31495	dplyr
2021-04-11	33358	dplyr
2021-04-12	58188	dplyr
2021-04-13	57668	dplyr
2021-04-14	58451	dplyr
2021-04-15	60110	dplyr
2021-04-16	55939	dplyr
2021-04-17	32806	dplyr
2021-04-18	39095	dplyr
2021-04-19	61879	dplyr
2021-04-20	76841	dplyr
2021-04-21	72227	dplyr
2021-04-22	76217	dplyr
2021-04-23	63508	dplyr
2021-04-24	43670	dplyr
2021-04-25	43071	dplyr
2021-04-26	68947	dplyr
2021-04-27	69453	dplyr
2021-04-28	71618	dplyr
2021-04-29	70639	dplyr
2021-04-30	63833	dplyr
2021-05-01	41258	dplyr
2021-05-02	33517	dplyr
2021-05-03	58515	dplyr
2021-05-04	60889	dplyr
2021-05-05	65880	dplyr
2021-05-06	75447	dplyr
2021-05-07	66548	dplyr
2021-05-08	36527	dplyr
2021-05-09	35842	dplyr
2021-05-10	68658	dplyr
2021-05-11	68476	dplyr
2021-05-12	67124	dplyr
2021-05-13	58680	dplyr
2021-05-14	53050	dplyr
2021-05-15	33677	dplyr
2021-05-16	34184	dplyr
2021-05-17	61760	dplyr
2021-05-18	72110	dplyr
2021-05-19	66507	dplyr
2021-05-20	64480	dplyr
2021-05-21	59427	dplyr
2021-05-22	34474	dplyr
2021-05-23	35522	dplyr
2021-05-24	57953	dplyr
2021-05-25	64193	dplyr
2021-05-26	65775	dplyr
2021-05-27	68516	dplyr
2021-05-28	58954	dplyr
2021-05-29	31879	dplyr
2021-05-30	31368	dplyr
2021-05-31	53213	dplyr
2021-06-01	63511	dplyr
2021-06-02	65245	dplyr
2021-06-03	63392	dplyr
2021-06-04	54492	dplyr
2021-06-05	31330	dplyr
2021-06-06	35358	dplyr
2021-06-07	61333	dplyr
2021-06-08	66447	dplyr
2021-06-09	64434	dplyr
2021-06-10	62003	dplyr
2021-06-11	54253	dplyr
2021-06-12	31196	dplyr
2021-06-13	31675	dplyr
2021-06-14	58129	dplyr
2021-06-15	61064	dplyr
2021-06-16	60844	dplyr
2021-06-17	59158	dplyr
2021-06-18	51702	dplyr
2021-06-19	38110	dplyr
2021-06-20	37276	dplyr
2021-06-21	67604	dplyr
2021-06-22	68011	dplyr
2021-06-23	65019	dplyr
2021-06-24	63526	dplyr
2021-06-25	55824	dplyr
2021-06-26	31883	dplyr
2021-06-27	31814	dplyr
2021-06-28	58116	dplyr
2021-06-29	59728	dplyr
2021-06-30	57821	dplyr
2021-07-01	57742	dplyr
2021-07-02	52439	dplyr
2021-07-03	29144	dplyr
2021-07-04	29029	dplyr
2021-07-05	48686	dplyr
2021-07-06	58018	dplyr
2021-07-07	58535	dplyr
2021-07-08	54813	dplyr
2021-07-09	48960	dplyr
2021-07-10	29261	dplyr
2021-07-11	29649	dplyr
2021-07-12	53286	dplyr
2021-07-13	56744	dplyr
2021-07-14	56014	dplyr
2021-07-15	55027	dplyr
2021-07-16	52594	dplyr
2021-07-17	30677	dplyr
2021-07-18	30648	dplyr
2021-07-19	53799	dplyr
2021-07-20	55625	dplyr
2021-07-21	54438	dplyr
2021-07-22	54632	dplyr
2021-07-23	48005	dplyr
2021-07-24	28809	dplyr
2021-07-25	29739	dplyr
2021-07-26	55514	dplyr
2021-07-27	54070	dplyr
2021-07-28	58910	dplyr
2021-07-29	52480	dplyr
2021-07-30	47247	dplyr
2021-07-31	28801	dplyr
2021-08-01	29140	dplyr
2021-08-02	51367	dplyr
2021-08-03	53336	dplyr
2021-08-04	55296	dplyr
2021-08-05	54606	dplyr
2021-08-06	50859	dplyr
2021-08-07	31442	dplyr
2021-08-08	30407	dplyr
2021-08-09	53834	dplyr
2021-08-10	57232	dplyr
2021-08-11	54600	dplyr
2021-08-12	55707	dplyr
2021-08-13	49908	dplyr
2021-08-14	29411	dplyr
2021-08-15	30523	dplyr
2021-08-16	53605	dplyr
2021-08-17	57132	dplyr
2021-08-18	57048	dplyr
2021-08-19	53702	dplyr
2021-08-20	49868	dplyr
2021-08-21	32029	dplyr
2021-08-22	29114	dplyr
2021-08-23	55389	dplyr
2021-08-24	59121	dplyr
2021-08-25	58551	dplyr
2021-08-26	60820	dplyr
2021-08-27	53373	dplyr
2021-08-28	29792	dplyr
2021-08-29	30398	dplyr
2021-08-30	55820	dplyr
2021-08-31	59966	dplyr
2021-09-01	63837	dplyr
2021-09-02	59291	dplyr
2021-09-03	52036	dplyr
2021-09-04	30103	dplyr
2021-09-05	30255	dplyr
2021-09-06	48419	dplyr
2021-09-07	60494	dplyr
2021-09-08	64282	dplyr
2021-09-09	63540	dplyr
2021-09-10	54347	dplyr
2021-09-11	31600	dplyr
2021-09-12	32908	dplyr
2021-09-13	61683	dplyr
2021-09-14	63641	dplyr
2021-09-15	69089	dplyr
2021-09-16	62603	dplyr
2021-09-17	54754	dplyr
2021-09-18	32262	dplyr
2021-09-19	32594	dplyr
2021-09-20	63009	dplyr
2021-09-21	66421	dplyr
2021-09-22	66719	dplyr
2021-09-23	66130	dplyr
2021-09-24	59503	dplyr
2021-09-25	34782	dplyr
2021-09-26	36702	dplyr
2021-09-27	66565	dplyr
2021-09-28	68754	dplyr
2021-09-29	67364	dplyr
2021-09-30	66422	dplyr
2021-10-01	60741	dplyr
2021-10-02	36423	dplyr
2021-10-03	37578	dplyr
2021-10-04	69961	dplyr
2021-10-05	118876	dplyr
2021-10-06	69147	dplyr
2021-10-07	67194	dplyr
2021-10-08	59889	dplyr
2021-10-09	35595	dplyr
2021-10-10	37906	dplyr
2021-10-11	63808	dplyr
2021-10-12	70074	dplyr
2021-10-13	70380	dplyr
2021-10-14	67219	dplyr
2021-10-15	60055	dplyr
2021-10-16	37328	dplyr
2021-10-17	38980	dplyr
2021-10-18	67890	dplyr
2021-10-19	73228	dplyr
2021-10-20	72585	dplyr
2021-10-21	69711	dplyr
2021-10-22	58953	dplyr
2021-10-23	33428	dplyr
2021-10-24	35221	dplyr
2021-10-25	64607	dplyr
2021-10-26	71739	dplyr
2021-10-27	68353	dplyr
2021-10-28	67178	dplyr
2021-10-29	61402	dplyr
2021-10-30	37725	dplyr
2021-10-31	37863	dplyr
2021-11-01	61520	dplyr
2021-11-02	68325	dplyr
2021-11-03	67493	dplyr
2021-11-04	62335	dplyr
2021-11-05	57814	dplyr
2021-11-06	34744	dplyr
2021-11-07	36778	dplyr
2021-11-08	67886	dplyr
2021-11-09	68362	dplyr
2021-11-10	66112	dplyr
2021-11-11	64074	dplyr
2021-11-12	67993	dplyr
2021-11-13	33450	dplyr
2021-11-14	36837	dplyr
2021-11-15	63832	dplyr
2021-11-16	68704	dplyr
2021-11-17	74821	dplyr
2021-11-18	72267	dplyr
2021-11-19	56558	dplyr
2021-11-20	34434	dplyr
2021-11-21	34021	dplyr
2021-11-22	60876	dplyr
2021-11-23	63239	dplyr
2021-11-24	60062	dplyr
2021-11-25	54492	dplyr
2021-11-26	47257	dplyr
2021-11-27	32470	dplyr
2021-11-28	34957	dplyr
2021-11-29	63514	dplyr
2021-11-30	65236	dplyr
2021-12-01	67697	dplyr
2021-12-02	63295	dplyr
2021-12-03	62882	dplyr
2021-12-04	34645	dplyr
2021-12-05	33797	dplyr
2021-12-06	60915	dplyr
2021-12-07	61656	dplyr
2021-12-08	61195	dplyr
2021-12-09	65815	dplyr
2021-12-10	58974	dplyr
2021-12-11	36498	dplyr
2021-12-12	43401	dplyr
2021-12-13	55506	dplyr
2021-12-14	62255	dplyr
2021-12-15	56964	dplyr
2021-12-16	56272	dplyr
2021-12-17	56088	dplyr
2021-12-18	29005	dplyr
2021-12-19	30441	dplyr
2021-12-20	51262	dplyr
2021-12-21	49278	dplyr
2021-12-22	46619	dplyr
2021-12-23	40059	dplyr
2021-12-24	30226	dplyr
2021-12-25	22538	dplyr
2021-12-26	24344	dplyr
2021-12-27	36374	dplyr
2021-12-28	37503	dplyr
2021-12-29	37918	dplyr
2021-12-30	36270	dplyr
2021-12-31	28812	dplyr
2022-01-01	23652	dplyr
2022-01-02	26125	dplyr
2022-01-03	41727	dplyr
2022-01-04	48750	dplyr
2022-01-05	50684	dplyr
2022-01-06	50766	dplyr
2022-01-07	47948	dplyr
2022-01-08	28390	dplyr
2022-01-09	28199	dplyr
2022-01-10	51360	dplyr
2022-01-11	56457	dplyr
2022-01-12	55606	dplyr
2022-01-13	55223	dplyr
2022-01-14	50035	dplyr
2022-01-15	28902	dplyr
2022-01-16	28955	dplyr
2022-01-17	46963	dplyr
2022-01-18	55283	dplyr
2022-01-19	59652	dplyr
2022-01-20	58912	dplyr
2022-01-21	52218	dplyr
2022-01-22	30456	dplyr
2022-01-23	30801	dplyr
2022-01-24	57343	dplyr
2022-01-25	59310	dplyr
2022-01-26	56801	dplyr
2022-01-27	61398	dplyr
2022-01-28	51619	dplyr
2022-01-29	29085	dplyr
2022-01-30	33912	dplyr
2022-01-31	54853	dplyr
2022-02-01	59905	dplyr
2022-02-02	59654	dplyr
2022-02-03	61859	dplyr
2022-02-04	56785	dplyr
2022-02-05	31027	dplyr
2022-02-06	30369	dplyr
2022-02-07	60532	dplyr
2022-02-08	74921	dplyr
2022-02-09	82339	dplyr
2022-02-10	74137	dplyr
2022-02-11	60867	dplyr
2022-02-12	33203	dplyr
2022-02-13	33280	dplyr
2022-02-14	64940	dplyr
2022-02-15	68315	dplyr
2022-02-16	67716	dplyr
2022-02-17	68405	dplyr
2022-02-18	58480	dplyr
2022-02-19	32175	dplyr
2022-02-20	35383	dplyr
2022-02-21	66421	dplyr
2022-02-22	67438	dplyr
2022-02-23	66841	dplyr
2022-02-24	60820	dplyr
2022-02-25	56511	dplyr
2022-02-26	31128	dplyr
2022-02-27	32175	dplyr
2022-02-28	57236	dplyr
2022-03-01	62965	dplyr
2022-03-02	66302	dplyr
2022-03-03	65334	dplyr
2022-03-04	57897	dplyr
2022-03-05	32999	dplyr
2022-03-06	33023	dplyr
2022-03-07	61252	dplyr
2022-03-08	62979	dplyr
2022-03-09	63734	dplyr
2022-03-10	64114	dplyr
2022-03-11	57228	dplyr
2022-03-12	32116	dplyr
2022-03-13	33080	dplyr
2022-03-14	63892	dplyr
2022-03-15	66368	dplyr
2022-03-16	67525	dplyr
2022-03-17	65745	dplyr
2022-03-18	57959	dplyr
2022-03-19	34546	dplyr
2022-03-20	37283	dplyr
2022-03-21	67473	dplyr
2022-03-22	67722	dplyr
2022-03-23	68296	dplyr
2022-03-24	69678	dplyr
2022-03-25	59615	dplyr
2022-03-26	34089	dplyr
2022-03-27	36489	dplyr
2022-03-28	64781	dplyr
2022-03-29	71469	dplyr
2022-03-30	69995	dplyr
2022-03-31	69002	dplyr
2022-04-01	60215	dplyr
2022-04-02	34459	dplyr
2022-04-03	33555	dplyr
2022-04-04	65971	dplyr
2022-04-05	67638	dplyr
2022-04-06	67548	dplyr
2022-04-07	68696	dplyr
2022-04-08	59060	dplyr
2022-04-09	36081	dplyr
2022-04-10	34411	dplyr
2022-04-11	65599	dplyr
2022-04-12	65391	dplyr
2022-04-13	65580	dplyr
2022-04-14	63211	dplyr
2022-04-15	51751	dplyr
2022-04-16	35369	dplyr
2022-04-17	36917	dplyr
2022-04-18	59510	dplyr
2022-04-19	75591	dplyr
2022-04-20	81077	dplyr
2022-04-21	76822	dplyr
2022-04-22	66476	dplyr
2022-04-23	38139	dplyr
2022-04-24	41103	dplyr
2022-04-25	74172	dplyr
2022-04-26	79195	dplyr
2022-04-27	78216	dplyr
2022-04-28	80946	dplyr
2022-04-29	83767	dplyr
2022-04-30	45168	dplyr
2022-05-01	49067	dplyr
2022-05-02	77685	dplyr
2022-05-03	90397	dplyr
2022-05-04	92138	dplyr
2022-05-05	93489	dplyr
2022-05-06	85390	dplyr
2022-05-07	53779	dplyr
2022-05-08	49668	dplyr
2022-05-09	82445	dplyr
2022-05-10	84932	dplyr
2022-05-11	88198	dplyr
2022-05-12	79889	dplyr
2022-05-13	71581	dplyr
2022-05-14	44786	dplyr
2022-05-15	37455	dplyr
2022-05-16	71988	dplyr
2022-05-17	81416	dplyr
2022-05-18	83175	dplyr
2022-05-19	79964	dplyr
2022-05-20	72465	dplyr
2022-05-21	40503	dplyr
2022-05-22	41765	dplyr
2022-05-23	76325	dplyr
2022-05-24	88607	dplyr
2022-05-25	71771	dplyr
2022-05-26	66333	dplyr
2022-05-27	62955	dplyr
2022-05-28	41105	dplyr
2022-05-29	40536	dplyr
2022-05-30	59791	dplyr
2022-05-31	72612	dplyr
2022-06-01	71550	dplyr
2022-06-02	68602	dplyr
2022-06-03	62650	dplyr
2022-06-04	41123	dplyr
2022-06-05	42496	dplyr
2022-06-06	67317	dplyr
2022-06-07	76913	dplyr
2022-06-08	75259	dplyr
2022-06-09	73319	dplyr
2022-06-10	73894	dplyr
2022-06-11	45788	dplyr
2022-06-12	42998	dplyr
2022-06-13	73922	dplyr
2022-06-14	77969	dplyr
2022-06-15	75374	dplyr
2022-06-16	70130	dplyr
2022-06-17	64334	dplyr
2022-06-18	38646	dplyr
2022-06-19	37681	dplyr
2022-06-20	65259	dplyr
2022-06-21	70963	dplyr
2022-06-22	69421	dplyr
2022-06-23	71227	dplyr
2022-06-24	62392	dplyr
2022-06-25	38281	dplyr
2022-06-26	40034	dplyr
2022-06-27	65563	dplyr
2022-06-28	67524	dplyr
2022-06-29	64516	dplyr
2022-06-30	60736	dplyr
2022-07-01	52953	dplyr
2022-07-02	32842	dplyr
2022-07-03	29389	dplyr
2022-07-04	47946	dplyr
2022-07-05	63770	dplyr
2022-07-06	66812	dplyr
2022-07-07	72866	dplyr
2022-07-08	75513	dplyr
2022-07-09	30476	dplyr
2022-07-10	30774	dplyr
2022-07-11	74719	dplyr
2022-07-12	70267	dplyr
2022-07-13	70775	dplyr
2022-07-14	72762	dplyr
2022-07-15	55399	dplyr
2022-07-16	32971	dplyr
2022-07-17	32265	dplyr
2022-07-18	62006	dplyr
2022-07-19	65138	dplyr
2022-07-20	61430	dplyr
2022-07-21	57934	dplyr
2022-07-22	54610	dplyr
2022-07-23	31930	dplyr
2022-07-24	34003	dplyr
2022-07-25	64611	dplyr
2022-07-26	71248	dplyr
2022-07-27	61273	dplyr
2022-07-28	60972	dplyr
2022-07-29	57474	dplyr
2022-07-30	30819	dplyr
2022-07-31	33493	dplyr
2022-08-01	66449	dplyr
2022-08-02	67923	dplyr
2022-08-03	68338	dplyr
2022-08-04	68828	dplyr
2022-08-05	55572	dplyr
2022-08-06	32373	dplyr
2022-08-07	30415	dplyr
2022-08-08	58555	dplyr
2022-08-09	57898	dplyr
2022-08-10	57787	dplyr
2022-08-11	56101	dplyr
2022-08-12	50755	dplyr
2022-08-13	28889	dplyr
2022-08-14	35006	dplyr
2022-08-15	51421	dplyr
2022-08-16	58066	dplyr
2022-08-17	61468	dplyr
2022-08-18	61108	dplyr
2022-08-19	54671	dplyr
2022-08-20	32770	dplyr
2022-08-21	31652	dplyr
2022-08-22	61661	dplyr
2022-08-23	70297	dplyr
2022-08-24	71071	dplyr
2022-08-25	69553	dplyr
2022-08-26	60782	dplyr
2022-08-27	33749	dplyr
2022-08-28	34238	dplyr
2022-08-29	65242	dplyr
2022-08-30	71282	dplyr
2022-08-31	102099	dplyr
2022-09-01	166780	dplyr
2022-09-02	139752	dplyr
2022-09-03	85558	dplyr
2022-09-04	80766	dplyr
2022-09-05	121345	dplyr
2022-09-06	134217	dplyr
2022-09-07	121770	dplyr
2022-09-08	118043	dplyr
2022-09-09	98882	dplyr
2022-09-10	63310	dplyr
2022-09-11	65325	dplyr
2022-09-12	111882	dplyr
2022-09-13	125399	dplyr
2022-09-14	127256	dplyr
2022-09-15	113172	dplyr
2022-09-16	103627	dplyr
2022-09-17	63200	dplyr
2022-09-18	68047	dplyr
2022-09-19	111462	dplyr
2022-09-20	117869	dplyr
2022-09-21	111055	dplyr
2022-09-22	115736	dplyr
2022-09-23	95935	dplyr
2022-09-24	48887	dplyr
2022-09-25	43164	dplyr
2022-09-26	79498	dplyr
2022-09-27	81203	dplyr
2022-09-28	79879	dplyr
2022-09-29	80421	dplyr
2022-09-30	72970	dplyr
2022-10-01	43129	dplyr
2022-10-02	41837	dplyr
2022-10-03	73749	dplyr
2022-10-04	81497	dplyr
2022-10-05	79818	dplyr
2022-10-06	81170	dplyr
2022-10-07	72239	dplyr
2022-10-08	41495	dplyr
2022-10-09	44559	dplyr
2022-10-10	75804	dplyr
2022-10-11	82447	dplyr
2022-10-12	79572	dplyr
2022-10-13	83023	dplyr
2022-10-14	72870	dplyr
2022-10-15	42034	dplyr
2022-10-16	44929	dplyr
2022-10-17	79635	dplyr
2022-10-18	82172	dplyr
2022-10-19	77936	dplyr
2022-10-20	77816	dplyr
2022-10-21	70744	dplyr
2022-10-22	48732	dplyr
2022-10-23	46141	dplyr
2022-10-24	79949	dplyr
2022-10-25	78431	dplyr
2022-10-26	75519	dplyr
2022-10-27	73337	dplyr
2022-10-28	65493	dplyr
2022-10-29	37822	dplyr
2022-10-30	38638	dplyr
2022-10-31	72822	dplyr
2022-11-01	67965	dplyr
2022-11-02	75668	dplyr
2022-11-03	74659	dplyr
2022-11-04	66982	dplyr
2022-11-05	36437	dplyr
2022-11-06	39057	dplyr
2022-11-07	77204	dplyr
2022-11-08	76493	dplyr
2022-11-09	74748	dplyr
2022-11-10	80267	dplyr
2022-11-11	63655	dplyr
2022-11-12	38705	dplyr
2022-11-13	38468	dplyr
2022-11-14	71243	dplyr
2022-11-15	85094	dplyr
2022-11-16	76790	dplyr
2022-11-17	74344	dplyr
2022-11-18	66145	dplyr
2022-11-19	39103	dplyr
2022-11-20	78182	dplyr
2022-11-21	74780	dplyr
2022-11-22	71127	dplyr
2022-11-23	64638	dplyr
2022-11-24	57999	dplyr
2022-11-25	48748	dplyr
2022-11-26	33600	dplyr
2022-11-27	37875	dplyr
2022-11-28	70508	dplyr
2022-11-29	94316	dplyr
2022-11-30	76256	dplyr
2022-12-01	81651	dplyr
2022-12-02	64393	dplyr
2022-12-03	41087	dplyr
2022-12-04	37194	dplyr
2022-12-05	78501	dplyr
2022-12-06	67037	dplyr
2022-12-07	69147	dplyr
2022-12-08	64948	dplyr
2022-12-09	56436	dplyr
2022-12-10	37356	dplyr
2022-12-11	39542	dplyr
2022-12-12	67459	dplyr
2022-12-13	65243	dplyr
2022-12-14	83682	dplyr
2022-12-15	64705	dplyr
2022-12-16	67751	dplyr
2022-12-17	33317	dplyr
2022-12-18	31816	dplyr
2022-12-19	62712	dplyr
2022-12-20	67673	dplyr
2022-12-21	51869	dplyr
2022-12-22	44354	dplyr
2022-12-23	37568	dplyr
2022-12-24	24844	dplyr
2022-12-25	23620	dplyr
2022-12-26	30075	dplyr
2022-12-27	38151	dplyr
2022-12-28	38706	dplyr
2022-12-29	37213	dplyr
2022-12-30	37036	dplyr
2022-12-31	24573	dplyr
2023-01-01	24380	dplyr
2023-01-02	41188	dplyr
2023-01-03	47392	dplyr
2023-01-04	51612	dplyr
2023-01-05	51667	dplyr
2023-01-06	47287	dplyr
2023-01-07	29572	dplyr
2023-01-08	31735	dplyr
2023-01-09	58130	dplyr
2023-01-10	57003	dplyr
2023-01-11	59645	dplyr
2023-01-12	91505	dplyr
2023-01-13	71214	dplyr
2023-01-14	30855	dplyr
2023-01-15	32753	dplyr
2023-01-16	50639	dplyr
2023-01-17	89811	dplyr
2023-01-18	83804	dplyr
2023-01-19	62207	dplyr
2023-01-20	55350	dplyr
2023-01-21	29866	dplyr
2023-01-22	31072	dplyr
2023-01-23	60857	dplyr
2023-01-24	64149	dplyr
2023-01-25	63980	dplyr
2023-01-26	64771	dplyr
2023-01-27	54408	dplyr
2023-01-28	33688	dplyr
2023-01-29	35584	dplyr
2023-01-30	83040	dplyr
2023-01-31	80677	dplyr
2023-02-01	73512	dplyr
2023-02-02	74564	dplyr
2023-02-03	68597	dplyr
2023-02-04	38667	dplyr
2023-02-05	35394	dplyr
2023-02-06	69751	dplyr
2023-02-07	72723	dplyr
2023-02-08	71114	dplyr
2023-02-09	70448	dplyr
2023-02-10	59841	dplyr
2023-02-11	35540	dplyr
2023-02-12	36601	dplyr
2023-02-13	69089	dplyr
2023-02-14	70215	dplyr
2023-02-15	68942	dplyr
2023-02-16	67299	dplyr
2023-02-17	60330	dplyr
2023-02-18	30154	dplyr
2023-02-19	29123	dplyr
2023-02-20	61254	dplyr
2023-02-21	71385	dplyr
2023-02-22	75756	dplyr
2023-02-23	70766	dplyr
2023-02-24	65182	dplyr
2023-02-25	34879	dplyr
2023-02-26	34219	dplyr
2023-02-27	80325	dplyr
2023-02-28	73588	dplyr
2023-03-01	72735	dplyr
2023-03-02	72387	dplyr
2023-03-03	62426	dplyr
2023-03-04	36796	dplyr
2023-03-05	36901	dplyr
2023-03-06	69295	dplyr
2023-03-07	71435	dplyr
2023-03-08	68906	dplyr
2023-03-09	73737	dplyr
2023-03-10	63609	dplyr
2023-03-11	36825	dplyr
2023-03-12	41256	dplyr
2023-03-13	74710	dplyr
2023-03-14	71593	dplyr
2023-03-15	72201	dplyr
2023-03-16	77773	dplyr
2023-03-17	70606	dplyr
2023-03-18	38340	dplyr
2023-03-19	38843	dplyr
2023-03-20	71314	dplyr
2023-03-21	80003	dplyr
2023-03-22	85248	dplyr
2023-03-23	90658	dplyr
2023-03-24	73870	dplyr
2023-03-25	42223	dplyr
2023-03-26	41145	dplyr
2023-03-27	78284	dplyr
2023-03-28	79747	dplyr
2023-03-29	75216	dplyr
2023-03-30	74831	dplyr
2023-03-31	64732	dplyr
2023-04-01	38179	dplyr
2023-04-02	37094	dplyr
2023-04-03	71775	dplyr
2023-04-04	74297	dplyr
2023-04-05	68680	dplyr
2023-04-06	64544	dplyr
2023-04-07	50666	dplyr
2023-04-08	34744	dplyr
2023-04-09	35152	dplyr
2023-04-10	59966	dplyr
2023-04-11	71412	dplyr
2023-04-12	74886	dplyr
2023-04-13	74457	dplyr
2023-04-14	62046	dplyr
2023-04-15	39728	dplyr
2023-04-16	39027	dplyr
2023-04-17	68817	dplyr
2023-04-18	73460	dplyr
2023-04-19	72716	dplyr
2023-04-20	75693	dplyr
2023-04-21	72651	dplyr
2023-04-22	42493	dplyr
2023-04-23	47079	dplyr
2023-04-24	81639	dplyr
2023-04-25	82511	dplyr
2023-04-26	78351	dplyr
2023-04-27	75297	dplyr
2023-04-28	63643	dplyr
2023-04-29	37312	dplyr
2023-04-30	36730	dplyr
2023-05-01	55441	dplyr
2023-05-02	71258	dplyr
2023-05-03	71320	dplyr
2023-05-04	72753	dplyr
2023-05-05	61402	dplyr
2023-05-06	37319	dplyr
2023-05-07	35720	dplyr
2023-05-08	67571	dplyr
2023-05-09	71230	dplyr
2023-05-10	72747	dplyr
2023-05-11	69038	dplyr
2023-05-12	60847	dplyr
2023-05-13	36718	dplyr
2023-05-14	35073	dplyr
2023-05-15	67030	dplyr
2023-05-16	71848	dplyr
2023-05-17	66694	dplyr
2023-05-18	60572	dplyr
2023-05-19	55798	dplyr
2023-05-20	33851	dplyr
2023-05-21	33049	dplyr
2023-05-22	63203	dplyr
2023-05-23	68660	dplyr
2023-05-24	67771	dplyr
2023-05-25	64074	dplyr
2023-05-26	56664	dplyr
2023-05-27	32336	dplyr
2023-05-28	32274	dplyr
2023-05-29	53110	dplyr
2023-05-30	65435	dplyr
2023-05-31	68783	dplyr
2023-06-01	64080	dplyr
2023-06-02	56355	dplyr
2023-06-03	32944	dplyr
2023-06-04	34332	dplyr
2023-06-05	62001	dplyr
2023-06-06	64894	dplyr
2023-06-07	63422	dplyr
2023-06-08	59889	dplyr
2023-06-09	53818	dplyr
2023-06-10	31774	dplyr
2023-06-11	31950	dplyr
2023-06-12	60514	dplyr
2023-06-13	63458	dplyr
2023-06-14	61677	dplyr
2023-06-15	58926	dplyr
2023-06-16	51791	dplyr
2023-06-17	28326	dplyr
2023-06-18	28352	dplyr
2023-06-19	50534	dplyr
2023-06-20	58597	dplyr
2023-06-21	55815	dplyr
2023-06-22	54256	dplyr
2023-06-23	48337	dplyr
2023-06-24	27731	dplyr
2023-06-25	27113	dplyr
2023-06-26	53491	dplyr
2023-06-27	57291	dplyr
2023-06-28	52317	dplyr
2023-06-29	48614	dplyr
2023-06-30	48965	dplyr
2023-07-01	28305	dplyr
2023-07-02	26466	dplyr
2023-07-03	44277	dplyr
2023-07-04	44345	dplyr
2023-07-05	51153	dplyr
2023-07-06	51405	dplyr
2023-07-07	46714	dplyr
2023-07-08	25126	dplyr
2023-07-09	25998	dplyr
2023-07-10	53462	dplyr
2023-07-11	54032	dplyr
2023-07-12	53336	dplyr
2023-07-13	51270	dplyr
2023-07-14	44879	dplyr
2023-07-15	25620	dplyr
2023-07-16	26656	dplyr
2023-07-17	54094	dplyr
2023-07-18	55841	dplyr
2023-07-19	50761	dplyr
2023-07-20	50676	dplyr
2023-07-21	46535	dplyr
2023-07-22	25061	dplyr
2023-07-23	24948	dplyr
2023-07-24	48169	dplyr
2023-07-25	52492	dplyr
2023-07-26	54664	dplyr
2023-07-27	50375	dplyr
2023-07-28	46726	dplyr
2023-07-29	28911	dplyr
2023-07-30	27856	dplyr
2023-07-31	48025	dplyr
2023-08-01	49355	dplyr
2023-08-02	49350	dplyr
2023-08-03	49606	dplyr
2023-08-04	43246	dplyr
2023-08-05	25298	dplyr
2023-08-06	24245	dplyr
2023-08-07	45346	dplyr
2023-08-08	48882	dplyr
2023-08-09	49069	dplyr
2023-08-10	49024	dplyr
2023-08-11	41916	dplyr
2023-08-12	25212	dplyr
2023-08-13	24470	dplyr
2023-08-14	45210	dplyr
2023-08-15	46866	dplyr
2023-08-16	52795	dplyr
2023-08-17	48916	dplyr
2023-08-18	43439	dplyr
2023-08-19	25806	dplyr
2023-08-20	24516	dplyr
2023-08-21	47127	dplyr
2023-08-22	49063	dplyr
2023-08-23	53312	dplyr
2023-08-24	57856	dplyr
2023-08-25	46999	dplyr
2023-08-26	26230	dplyr
2023-08-27	26351	dplyr
2023-08-28	52212	dplyr
2023-08-29	56069	dplyr
2023-08-30	55587	dplyr
2023-08-31	59035	dplyr
2023-09-01	45625	dplyr
2023-09-02	26248	dplyr
2023-09-03	27729	dplyr
2023-09-04	61339	dplyr
2023-09-05	68650	dplyr
2023-09-06	67906	dplyr
2023-09-07	64386	dplyr
2023-09-08	58462	dplyr
2023-09-09	34343	dplyr
2023-09-10	30237	dplyr
2023-09-11	66832	dplyr
2023-09-12	71146	dplyr
2023-09-13	70774	dplyr
2023-09-14	70090	dplyr
2023-09-15	59232	dplyr
2023-09-16	30729	dplyr
2023-09-17	35903	dplyr
2023-09-18	69099	dplyr
2023-09-19	71865	dplyr
2023-09-20	74858	dplyr
2023-09-21	70505	dplyr
2023-09-22	61755	dplyr
2023-09-23	35463	dplyr
2023-09-24	32214	dplyr
2023-09-25	74489	dplyr
2023-09-26	72051	dplyr
2023-09-27	70048	dplyr
2023-09-28	64341	dplyr
2023-09-29	57138	dplyr
2023-09-30	31505	dplyr
2023-10-01	30980	dplyr
2023-10-02	62800	dplyr
2023-10-03	69888	dplyr
2023-10-04	70643	dplyr
2023-10-05	73019	dplyr
2023-10-06	63048	dplyr
2023-10-07	36774	dplyr
2023-10-08	35460	dplyr
2023-10-09	66391	dplyr
2023-10-10	73847	dplyr
2023-10-11	71513	dplyr
2023-10-12	69911	dplyr
2023-10-13	60944	dplyr
2023-10-14	34363	dplyr
2023-10-15	33836	dplyr
2023-10-16	68491	dplyr
2023-10-17	73897	dplyr
2023-10-18	71705	dplyr
2023-10-19	69826	dplyr
2023-10-20	60336	dplyr
2023-10-21	36867	dplyr
2023-10-22	34019	dplyr
2023-10-23	65621	dplyr
2023-10-24	72281	dplyr
2023-10-25	71263	dplyr
2023-10-26	69902	dplyr
2023-10-27	51665	dplyr
2023-10-28	33805	dplyr
2023-10-29	33863	dplyr
2023-10-30	67830	dplyr
2023-10-31	65798	dplyr
2023-11-01	63517	dplyr
2023-11-02	78770	dplyr
2023-11-03	62296	dplyr
2023-11-04	34549	dplyr
2023-11-05	33381	dplyr
2023-11-06	63799	dplyr
2023-11-07	71606	dplyr
2023-11-08	71714	dplyr
2023-11-09	64556	dplyr
2023-11-10	54992	dplyr
2023-11-11	33076	dplyr
2023-11-12	31844	dplyr
2023-11-13	61747	dplyr
2023-11-14	68945	dplyr
2023-11-15	66191	dplyr
2023-11-16	69804	dplyr
2023-11-17	62542	dplyr
2023-11-18	46665	dplyr
2023-11-19	40626	dplyr
2023-11-20	77366	dplyr
2023-11-21	75729	dplyr
2023-11-22	67664	dplyr
2023-11-23	59939	dplyr
2023-11-24	52183	dplyr
2023-11-25	33931	dplyr
2023-11-26	35869	dplyr
2023-11-27	68091	dplyr
2023-11-28	74357	dplyr
2023-11-29	71715	dplyr
2023-11-30	70235	dplyr
2023-12-01	63797	dplyr
2023-12-02	37690	dplyr
2023-12-03	37028	dplyr
2023-12-04	66236	dplyr
2023-12-05	69954	dplyr
2023-12-06	68154	dplyr
2023-12-07	65752	dplyr
2023-12-08	58943	dplyr
2023-12-09	37094	dplyr
2023-12-10	37384	dplyr
2023-12-11	65439	dplyr
2023-12-12	67248	dplyr
2023-12-13	64268	dplyr
2023-12-14	59707	dplyr
2023-12-15	52822	dplyr
2023-12-16	30898	dplyr
2023-12-17	29285	dplyr
2023-12-18	54442	dplyr
2023-12-19	56238	dplyr
2023-12-20	54365	dplyr
2023-12-21	49139	dplyr
2023-12-22	38697	dplyr
2023-12-23	24336	dplyr
2023-12-24	22182	dplyr
2023-12-25	25082	dplyr
2023-12-26	32937	dplyr
2023-12-27	36142	dplyr
2023-12-28	35241	dplyr
2023-12-29	30706	dplyr
2023-12-30	23202	dplyr
2023-12-31	19754	dplyr
2024-01-01	22085	dplyr
2024-01-02	41182	dplyr
2024-01-03	47544	dplyr
2024-01-04	48250	dplyr
2024-01-05	45402	dplyr
2024-01-06	29634	dplyr
2024-01-07	27748	dplyr
2024-01-08	52025	dplyr
2024-01-09	58845	dplyr
2024-01-10	57693	dplyr
2024-01-11	58237	dplyr
2024-01-12	53590	dplyr
2024-01-13	31684	dplyr
2024-01-14	29571	dplyr
2024-01-15	49106	dplyr
2024-01-16	58930	dplyr
2024-01-17	64207	dplyr
2024-01-18	59924	dplyr
2024-01-19	53267	dplyr
2024-01-20	32995	dplyr
2024-01-21	30415	dplyr
2024-01-22	60883	dplyr
2024-01-23	63863	dplyr
2024-01-24	62791	dplyr
2024-01-25	62556	dplyr
2024-01-26	50286	dplyr
2024-01-27	30224	dplyr
2024-01-28	28510	dplyr
2024-01-29	58177	dplyr
2024-01-30	64457	dplyr
2024-01-31	60416	dplyr
2024-02-01	59809	dplyr
2024-02-02	52584	dplyr
2024-02-03	34264	dplyr
2024-02-04	33556	dplyr
2024-02-05	60216	dplyr
2024-02-06	66191	dplyr
2024-02-07	62865	dplyr
2024-02-08	63105	dplyr
2024-02-09	55151	dplyr
2024-02-10	37466	dplyr
2024-02-11	30376	dplyr
2024-02-12	56556	dplyr
2024-02-13	63298	dplyr
2024-02-14	59761	dplyr
2024-02-15	58674	dplyr
2024-02-16	56165	dplyr
2024-02-17	38604	dplyr
2024-02-18	33549	dplyr
2024-02-19	55798	dplyr
2024-02-20	60501	dplyr
2024-02-21	63168	dplyr
2024-02-22	64988	dplyr
2024-02-23	52675	dplyr
2024-02-24	33552	dplyr
2024-02-25	38345	dplyr
2024-02-26	63711	dplyr
2024-02-27	67402	dplyr
2024-02-28	60327	dplyr
2024-02-29	59750	dplyr
2024-03-01	52822	dplyr
2024-03-02	32402	dplyr
2024-03-03	30378	dplyr
2024-03-04	63511	dplyr
2024-03-05	63948	dplyr
2024-03-06	59849	dplyr
2024-03-07	61715	dplyr
2024-03-08	62081	dplyr
2024-03-09	39170	dplyr
2024-03-10	27958	dplyr
2024-03-11	58110	dplyr
2024-03-12	64205	dplyr
2024-03-13	59690	dplyr
2024-03-14	60654	dplyr
2024-03-15	51700	dplyr
2024-03-16	28776	dplyr
2024-03-17	27761	dplyr
2024-03-18	56620	dplyr
2024-03-19	61211	dplyr
2024-03-20	58736	dplyr
2024-03-21	57938	dplyr
2024-03-22	49551	dplyr
2024-03-23	28582	dplyr
2024-03-24	26289	dplyr
2024-03-25	51837	dplyr
2024-03-26	57626	dplyr
2024-03-27	56249	dplyr
2024-03-28	52059	dplyr
2024-03-29	39299	dplyr
2024-03-30	28798	dplyr
2024-03-31	24914	dplyr
2024-04-01	45270	dplyr
2024-04-02	59379	dplyr
2024-04-03	59727	dplyr
2024-04-04	56633	dplyr
2024-04-05	52533	dplyr
2024-04-06	28480	dplyr
2024-04-07	28480	dplyr
2024-04-08	62576	dplyr
2024-04-09	58689	dplyr
2024-04-10	57580	dplyr
2024-04-11	57314	dplyr
2024-04-12	53096	dplyr
2024-04-13	30566	dplyr
2024-04-14	26394	dplyr
2024-04-15	56421	dplyr
2024-04-16	61773	dplyr
2024-04-17	61633	dplyr
2024-04-18	59864	dplyr
2024-04-19	55357	dplyr
2024-04-20	35871	dplyr
2024-04-21	29720	dplyr
2024-04-22	63811	dplyr
2024-04-23	63163	dplyr
2024-04-24	65432	dplyr
2024-04-25	68356	dplyr
2024-04-26	59588	dplyr
2024-04-27	35002	dplyr
2024-04-28	32922	dplyr
2024-04-29	58702	dplyr
2024-04-30	63953	dplyr
2024-05-01	57210	dplyr
2024-05-02	68223	dplyr
2024-05-03	59273	dplyr
2024-05-04	32745	dplyr
2024-05-05	36866	dplyr
2024-05-06	57813	dplyr
2024-05-07	62659	dplyr
2024-05-08	60604	dplyr
2024-05-09	58952	dplyr
2024-05-10	54784	dplyr
2024-05-11	30735	dplyr
2024-05-12	29565	dplyr
2024-05-13	57100	dplyr
2024-05-14	59386	dplyr
2024-05-15	58503	dplyr
2024-05-16	58015	dplyr
2024-05-17	52847	dplyr
2024-05-18	31446	dplyr
2024-05-19	31752	dplyr
2024-05-20	58738	dplyr
2024-05-21	61037	dplyr
2024-05-22	60773	dplyr
2024-05-23	59387	dplyr
2024-05-24	51883	dplyr
2024-05-25	31399	dplyr
2024-05-26	32627	dplyr
2024-05-27	50694	dplyr
2024-05-28	58086	dplyr
2024-05-29	58477	dplyr
2024-05-30	54717	dplyr
2024-05-31	51337	dplyr
2024-06-01	31511	dplyr
2024-06-02	32313	dplyr
2024-06-03	55117	dplyr
2024-06-04	58750	dplyr
2024-06-05	59929	dplyr
2024-06-06	56581	dplyr
2024-06-07	48272	dplyr
2024-06-08	27951	dplyr
2024-06-09	28710	dplyr
2024-06-10	52450	dplyr
2024-06-11	56055	dplyr
2024-06-12	60926	dplyr
2024-06-13	55063	dplyr
2024-06-14	47223	dplyr
2024-06-15	28620	dplyr
2024-06-16	28714	dplyr
2024-06-17	49844	dplyr
2024-06-18	52649	dplyr
2024-06-19	49822	dplyr
2024-06-20	50536	dplyr
2024-06-21	46823	dplyr
2024-06-22	29000	dplyr
2024-06-23	28712	dplyr
2024-06-24	50536	dplyr
2024-06-25	51873	dplyr
2024-06-26	50854	dplyr
2024-06-27	49866	dplyr
2024-06-28	45283	dplyr
2024-06-29	25857	dplyr
2024-06-30	27359	dplyr
2024-07-01	48730	dplyr
2024-07-02	48043	dplyr
2024-07-03	49843	dplyr
2024-07-04	43444	dplyr
2024-07-05	42413	dplyr
2024-07-06	27859	dplyr
2024-07-07	27156	dplyr
2024-07-08	48386	dplyr
2024-07-09	49963	dplyr
2024-07-10	48433	dplyr
2024-07-11	47368	dplyr
2024-07-12	43453	dplyr
2024-07-13	26308	dplyr
2024-07-14	26099	dplyr
2024-07-15	46845	dplyr
2024-07-16	50626	dplyr
2024-07-17	49512	dplyr
2024-07-18	47012	dplyr
2024-07-19	42747	dplyr
2024-07-20	27319	dplyr
2024-07-21	26615	dplyr
2024-07-22	47807	dplyr
2024-07-23	48591	dplyr
2024-07-24	47706	dplyr
2024-07-25	48112	dplyr
2024-07-26	43053	dplyr
2024-07-27	26316	dplyr
2024-07-28	26358	dplyr
2024-07-29	46017	dplyr
2024-07-30	48358	dplyr
2024-07-31	46677	dplyr
2024-08-01	46734	dplyr
2024-08-02	42132	dplyr
2024-08-03	27381	dplyr
2024-08-04	28706	dplyr
2024-08-05	48021	dplyr
2024-08-06	49025	dplyr
2024-08-07	49079	dplyr
2024-08-08	48034	dplyr
2024-08-09	40826	dplyr
2024-08-10	26730	dplyr
2024-08-11	25104	dplyr
2024-08-12	43904	dplyr
2024-08-13	46279	dplyr
2024-08-14	45438	dplyr
2024-08-15	42407	dplyr
2024-08-16	39793	dplyr
2024-08-17	25899	dplyr
2024-08-18	25551	dplyr
2024-08-19	45296	dplyr
2024-08-20	48774	dplyr
2024-08-21	49814	dplyr
2024-08-22	49957	dplyr
2024-08-23	44298	dplyr
2024-08-24	29063	dplyr
2024-08-25	28085	dplyr
2024-08-26	49311	dplyr
2024-08-27	54041	dplyr
2024-08-28	55391	dplyr
2024-08-29	55394	dplyr
2024-08-30	46861	dplyr
2024-08-31	28952	dplyr
2024-09-01	28731	dplyr
2024-09-02	47728	dplyr
2024-09-03	60118	dplyr
2024-09-04	61527	dplyr
2024-09-05	60595	dplyr
2024-09-06	53890	dplyr
2024-09-07	30138	dplyr
2024-09-08	32734	dplyr
2024-09-09	63090	dplyr
2024-09-10	67858	dplyr
2024-09-11	67214	dplyr
2024-09-12	67015	dplyr
2024-09-13	51715	dplyr
2024-09-14	28638	dplyr
2024-09-15	27492	dplyr
2024-09-16	54363	dplyr
2024-09-17	57509	dplyr
2024-09-18	59501	dplyr
2024-09-19	61965	dplyr
2024-09-20	51523	dplyr
2024-09-21	28993	dplyr
2024-09-22	31110	dplyr
2024-09-23	63405	dplyr
2024-09-24	66216	dplyr
2024-09-25	65654	dplyr
2024-09-26	65713	dplyr
2024-09-27	56758	dplyr
2024-09-28	34365	dplyr
2024-09-29	34168	dplyr
2024-09-30	61992	dplyr
2024-10-01	62535	dplyr
2024-10-02	61742	dplyr
2024-10-03	62199	dplyr
2024-10-04	56879	dplyr
2024-10-05	35376	dplyr
2024-10-06	42097	dplyr
2024-10-07	71455	dplyr
2024-10-08	70552	dplyr
2024-10-09	69813	dplyr
2024-10-10	68728	dplyr
2024-10-11	59802	dplyr
2024-10-12	38214	dplyr
2024-10-13	38102	dplyr
2024-10-14	67943	dplyr
2024-10-15	71045	dplyr
2024-10-16	74238	dplyr
2024-10-17	69598	dplyr
2024-10-18	60165	dplyr
2024-10-19	44967	dplyr
2024-10-20	37789	dplyr
2024-10-21	67825	dplyr
2024-10-22	71629	dplyr
2024-10-23	71838	dplyr
2024-10-24	69433	dplyr
2024-10-25	60790	dplyr
2024-10-26	37966	dplyr
2024-10-27	47465	dplyr
2024-10-28	67175	dplyr
2024-10-29	70884	dplyr
2024-10-30	71139	dplyr
2024-10-31	68514	dplyr
2024-11-01	54901	dplyr
2024-11-02	38628	dplyr
2024-11-03	55251	dplyr
2024-11-04	67533	dplyr
2024-11-05	69577	dplyr
2024-11-06	68668	dplyr
2024-11-07	66966	dplyr
2024-11-08	60458	dplyr
2024-11-09	40402	dplyr
2024-11-10	40393	dplyr
2024-11-11	63990	dplyr
2024-11-12	68556	dplyr
2024-11-13	69304	dplyr
2024-11-14	69567	dplyr
2024-11-15	59283	dplyr
2024-11-16	38440	dplyr
2024-11-17	40819	dplyr
2024-11-18	67684	dplyr
2024-11-19	70264	dplyr
2024-11-20	68357	dplyr
2024-11-21	67615	dplyr
2024-11-22	59034	dplyr
2024-11-23	38892	dplyr
2024-11-24	40713	dplyr
2024-11-25	65903	dplyr
2024-11-26	67234	dplyr
2024-11-27	63885	dplyr
2024-11-28	61005	dplyr
2024-11-29	54166	dplyr
2024-11-30	40579	dplyr
2024-12-01	39923	dplyr
2024-12-02	65667	dplyr
2024-12-03	69595	dplyr
2024-12-04	67252	dplyr
2024-12-05	64289	dplyr
2024-12-06	54011	dplyr
2024-12-07	36294	dplyr
2024-12-08	38562	dplyr
2024-12-09	61886	dplyr
2024-12-10	59563	dplyr
2024-12-11	59104	dplyr
2024-12-12	57788	dplyr
2024-12-13	49739	dplyr
2024-12-14	41140	dplyr
2024-12-15	33780	dplyr
2024-12-16	54531	dplyr
2024-12-17	59860	dplyr
2024-12-18	52554	dplyr
2024-12-19	49851	dplyr
2024-12-20	40098	dplyr
2024-12-21	27455	dplyr
2024-12-22	27774	dplyr
2024-12-23	35661	dplyr
2024-12-24	30258	dplyr
2024-12-25	26388	dplyr
2024-12-26	30858	dplyr
2024-12-27	32208	dplyr
2024-12-28	27578	dplyr
2024-12-29	31702	dplyr
2024-12-30	40891	dplyr
2024-12-31	36498	dplyr
2025-01-01	27657	dplyr
2025-01-02	40307	dplyr
2025-01-03	40659	dplyr
2025-01-04	31687	dplyr
2025-01-05	30352	dplyr
2025-01-06	47601	dplyr
2025-01-07	51918	dplyr
2025-01-08	52186	dplyr
2025-01-09	51803	dplyr
2025-01-10	51119	dplyr
2025-01-11	28886	dplyr
2025-01-12	31169	dplyr
2025-01-13	52419	dplyr
2025-01-14	54458	dplyr
2025-01-15	56257	dplyr
2025-01-16	55666	dplyr
2025-01-17	49298	dplyr
2025-01-18	29776	dplyr
2025-01-19	31513	dplyr
2025-01-20	49973	dplyr
2025-01-21	56414	dplyr
2025-01-22	57416	dplyr
2025-01-23	57694	dplyr
2025-01-24	50930	dplyr
2025-01-25	31665	dplyr
2025-01-26	32727	dplyr
2025-01-27	55046	dplyr
2025-01-28	58761	dplyr
2025-01-29	58862	dplyr
2025-01-30	57611	dplyr
2025-01-31	60365	dplyr
2025-02-01	46141	dplyr
2025-02-02	29393	dplyr
2025-02-03	55610	dplyr
2025-02-04	61624	dplyr
2025-02-05	61974	dplyr
2025-02-06	60241	dplyr
2025-02-07	54968	dplyr
2025-02-08	33384	dplyr
2025-02-09	33967	dplyr
2025-02-10	59862	dplyr
2025-02-11	64430	dplyr
2025-02-12	64583	dplyr
2025-02-13	63307	dplyr
2025-02-14	53790	dplyr
2025-02-15	33384	dplyr
2025-02-16	35864	dplyr
2025-02-17	59072	dplyr
2025-02-18	64580	dplyr
2025-02-19	66336	dplyr
2025-02-20	64846	dplyr
2025-02-21	60450	dplyr
2025-02-22	36076	dplyr
2025-02-23	39380	dplyr
2025-02-24	66268	dplyr
2025-02-25	68819	dplyr
2025-02-26	66437	dplyr
2025-02-27	64977	dplyr
2025-02-28	58555	dplyr
2025-03-01	37223	dplyr
2025-03-02	36621	dplyr
2025-03-03	63849	dplyr
2025-03-04	67078	dplyr
2025-03-05	66707	dplyr
2025-03-06	67056	dplyr
2025-03-07	56420	dplyr
2025-03-08	36452	dplyr
2025-03-09	37789	dplyr
2025-03-10	65166	dplyr
2025-03-11	69204	dplyr
2025-03-12	67906	dplyr
2025-03-13	65370	dplyr
2025-03-14	60426	dplyr
2025-03-15	38015	dplyr
2025-03-16	39185	dplyr
2025-03-17	66975	dplyr
2025-03-18	68470	dplyr
2025-03-19	67992	dplyr
2025-03-20	65357	dplyr
2025-03-21	55956	dplyr
2025-03-22	37497	dplyr
2025-03-23	39468	dplyr
2025-03-24	62934	dplyr
2025-03-25	67413	dplyr
2025-03-26	68940	dplyr
2025-03-27	64037	dplyr
2025-03-28	55490	dplyr
2025-03-29	35643	dplyr
2025-03-30	34405	dplyr
2025-03-31	56730	dplyr
2025-04-01	64350	dplyr
2025-04-02	62663	dplyr
2025-04-03	63152	dplyr
2025-04-04	51233	dplyr
2025-04-05	35147	dplyr
2025-04-06	34942	dplyr
2025-04-07	64242	dplyr
2025-04-08	72025	dplyr
2025-04-09	70480	dplyr
2025-04-10	68146	dplyr
2025-04-11	60483	dplyr
2025-04-12	41940	dplyr
2025-04-13	41453	dplyr
2025-04-14	65933	dplyr
2025-04-15	72192	dplyr
2025-04-16	76661	dplyr
2025-04-17	62968	dplyr
2025-04-18	49101	dplyr
2025-04-19	37363	dplyr
2025-04-20	38375	dplyr
2025-04-21	57068	dplyr
2025-04-22	70703	dplyr
2025-04-23	69854	dplyr
2025-04-24	80165	dplyr
2025-04-25	58282	dplyr
2025-04-26	41441	dplyr
2025-04-27	54692	dplyr
2025-04-28	73103	dplyr
2025-04-29	65676	dplyr
2025-04-30	60185	dplyr
2025-05-01	47149	dplyr
2025-05-02	49842	dplyr
2025-05-03	35555	dplyr
2025-05-04	36513	dplyr
2025-05-05	63052	dplyr
2025-05-06	64491	dplyr
2025-05-07	76181	dplyr
2025-05-08	62699	dplyr
2025-05-09	54367	dplyr
2025-05-10	35486	dplyr
2025-05-11	34427	dplyr
2025-05-12	70101	dplyr
2025-05-13	75698	dplyr
2025-05-14	62914	dplyr
2025-05-15	62255	dplyr
2025-05-16	54409	dplyr
2025-05-17	32741	dplyr
2025-05-18	33697	dplyr
2025-05-19	60034	dplyr
2025-05-20	62023	dplyr
2025-05-21	61221	dplyr
2025-05-22	59610	dplyr
2025-05-23	51424	dplyr
2025-05-24	32929	dplyr
2025-05-25	34470	dplyr
2025-05-26	51505	dplyr
2025-05-27	61088	dplyr
2025-05-28	58144	dplyr
2025-05-29	53452	dplyr
2025-05-30	48377	dplyr
2025-05-31	33137	dplyr
2025-06-01	32695	dplyr
2025-06-02	52772	dplyr
2025-06-03	56620	dplyr
2025-06-04	56574	dplyr
2025-06-05	54553	dplyr
2025-06-06	46457	dplyr
2025-06-07	31164	dplyr
2025-06-08	31263	dplyr
2025-06-09	49489	dplyr
2025-06-10	54429	dplyr
2025-06-11	53846	dplyr
2025-06-12	54050	dplyr
2025-06-13	46926	dplyr
2025-06-14	30954	dplyr
2025-06-15	32035	dplyr
2025-06-16	52858	dplyr
2025-06-17	53963	dplyr
2025-06-18	52151	dplyr
2025-06-19	46651	dplyr
2025-06-20	44838	dplyr
2025-06-21	30481	dplyr
2025-06-22	30324	dplyr
2025-06-23	49424	dplyr
2025-06-24	50015	dplyr
2025-06-25	50302	dplyr
2025-06-26	54021	dplyr
2025-06-27	46240	dplyr
2025-06-28	31935	dplyr
2025-06-29	30091	dplyr
2025-06-30	47930	dplyr
2025-07-01	49744	dplyr
2025-07-02	49943	dplyr
2025-07-03	45841	dplyr
2025-07-04	39320	dplyr
2025-07-05	27036	dplyr
2025-07-06	28552	dplyr
2025-07-07	47771	dplyr
2025-07-08	49596	dplyr
2025-07-09	49445	dplyr
2025-07-10	47122	dplyr
2025-07-11	42276	dplyr
2025-07-12	27739	dplyr
2025-07-13	27381	dplyr
2025-07-14	46802	dplyr
2025-07-15	48994	dplyr
2025-07-16	48548	dplyr
2025-07-17	46913	dplyr
2025-07-18	39821	dplyr
2025-07-19	24787	dplyr
2025-07-20	24917	dplyr
2025-07-21	47177	dplyr
2025-07-22	48248	dplyr
2025-07-23	48395	dplyr
2025-07-24	45552	dplyr
2025-07-25	40642	dplyr
2025-07-26	26225	dplyr
2025-07-27	26706	dplyr
2025-07-28	45672	dplyr
2025-07-29	52210	dplyr
2025-07-30	52102	dplyr
2025-07-31	52180	dplyr
2025-08-01	46332	dplyr
2025-08-02	32926	dplyr
2025-08-03	32567	dplyr
2025-08-04	50660	dplyr
2025-08-05	55426	dplyr
2025-08-06	51813	dplyr
2025-08-07	50689	dplyr
2025-08-08	44866	dplyr
2025-08-09	31652	dplyr
2025-08-10	31815	dplyr
2025-08-11	51009	dplyr
2025-08-12	53072	dplyr
2025-08-13	53610	dplyr
2025-08-14	48479	dplyr
2025-08-15	43925	dplyr
2025-08-16	33201	dplyr
2025-08-17	32821	dplyr
2025-08-18	51856	dplyr
2025-08-19	54080	dplyr
2025-08-20	55024	dplyr
2025-08-21	51121	dplyr
2025-08-22	54646	dplyr
2025-08-23	49938	dplyr
2025-08-24	115485	dplyr
2025-08-27	137925	dplyr
2025-08-28	135154	dplyr
2025-09-03	66630	dplyr
2025-09-04	70687	dplyr
2025-09-05	60469	dplyr
2025-09-06	39202	dplyr
2025-09-07	39942	dplyr
2025-09-08	72245	dplyr
2025-09-09	84709	dplyr
2025-09-10	73019	dplyr
2025-09-11	68296	dplyr
2025-09-12	60660	dplyr
2025-09-13	40497	dplyr
2025-09-14	41024	dplyr
2025-09-15	69060	dplyr
2025-09-16	71348	dplyr
2025-09-17	81350	dplyr
2025-09-18	70537	dplyr
2025-09-19	61844	dplyr
2025-09-20	40304	dplyr
2025-09-21	41316	dplyr
2025-09-22	69540	dplyr
2025-09-23	72674	dplyr
2025-09-24	69270	dplyr
2025-09-25	71066	dplyr
2025-09-26	61432	dplyr
2025-09-27	39976	dplyr
2025-09-28	42890	dplyr
2025-09-29	70231	dplyr
2025-09-30	81624	dplyr
2025-10-01	66471	dplyr
2025-10-02	66046	dplyr
2025-10-03	58764	dplyr
2025-10-04	39819	dplyr
2025-10-05	42567	dplyr
2025-10-06	65831	dplyr
2025-10-07	71261	dplyr
2025-10-08	70262	dplyr
2025-10-09	71997	dplyr
2025-10-10	64167	dplyr
2025-10-11	43802	dplyr
2025-10-12	44328	dplyr
2025-10-13	70952	dplyr
2025-10-14	76943	dplyr
2025-10-15	73140	dplyr
2025-10-16	71504	dplyr
2025-10-17	60926	dplyr
2025-10-18	58367	dplyr
2025-10-19	47678	dplyr
2025-10-20	69533	dplyr
2025-10-21	75300	dplyr
2025-10-22	74120	dplyr
2025-10-23	70978	dplyr
2025-10-24	72578	dplyr
2025-10-25	43093	dplyr
2025-10-26	44299	dplyr
2025-10-27	71283	dplyr
2025-10-28	74923	dplyr
2025-10-29	72048	dplyr
2025-10-30	73341	dplyr
2025-10-31	60029	dplyr
2025-11-01	41996	dplyr
2025-11-02	46135	dplyr
2025-11-03	72633	dplyr
2025-11-04	75188	dplyr
2025-11-05	74394	dplyr
2025-11-06	74884	dplyr
2025-11-07	66842	dplyr
2025-11-08	49787	dplyr
2025-11-09	52197	dplyr
2025-11-10	74422	dplyr
2025-11-11	81530	dplyr
2025-11-12	87576	dplyr
2025-11-13	77061	dplyr
2025-11-14	67645	dplyr
2025-11-15	45347	dplyr
2025-11-16	46075	dplyr
2025-11-17	74758	dplyr
2025-11-18	74687	dplyr
2025-11-19	74441	dplyr
2025-11-20	71656	dplyr
2025-11-21	64568	dplyr
2025-11-22	50088	dplyr
2025-11-23	53870	dplyr
2025-11-24	73051	dplyr
2025-11-25	74562	dplyr
2025-11-26	69725	dplyr
2025-11-27	68659	dplyr
2025-11-28	61772	dplyr
2025-11-29	45610	dplyr
2025-11-30	44447	dplyr
2025-12-01	73312	dplyr
2025-12-02	79336	dplyr
2025-12-03	77508	dplyr
2025-12-04	74104	dplyr
2025-12-05	65286	dplyr
2025-12-06	42819	dplyr
2025-12-07	44909	dplyr
2025-12-08	66719	dplyr
2025-12-09	75273	dplyr
2025-12-10	93636	dplyr
2025-12-11	62265	dplyr
2025-12-12	56015	dplyr
2025-12-13	41953	dplyr
2025-12-14	46160	dplyr
2025-12-15	66849	dplyr
2025-12-16	63756	dplyr
2025-12-17	60348	dplyr
2025-12-18	60988	dplyr
2025-12-19	57042	dplyr
2025-12-20	39900	dplyr
2025-12-21	39888	dplyr
2025-12-22	53941	dplyr
2025-12-23	42553	dplyr
2025-12-24	38968	dplyr
2025-12-25	34856	dplyr
2025-12-26	37397	dplyr
2025-12-27	45635	dplyr
2025-12-28	47490	dplyr
2025-12-29	38047	dplyr
2025-12-30	33788	dplyr
2025-12-31	30961	dplyr
2026-01-01	22980	dplyr
2026-01-02	30885	dplyr
2026-01-03	32671	dplyr
2026-01-04	36854	dplyr
2026-01-05	58412	dplyr
2026-01-06	71577	dplyr
2026-01-07	54141	dplyr
2026-01-08	78092	dplyr
2026-01-09	67739	dplyr
2026-01-10	38475	dplyr
2026-01-11	45968	dplyr
2026-01-12	53395	dplyr
2026-01-13	96397	dplyr
2026-01-14	64065	dplyr
2026-01-15	63255	dplyr
2026-01-16	64284	dplyr
2026-01-17	31850	dplyr
2026-01-18	35915	dplyr
2026-01-19	62771	dplyr
2026-01-20	66988	dplyr
2026-01-21	66594	dplyr
2026-01-22	61871	dplyr
2026-01-23	57633	dplyr
2026-01-24	41060	dplyr
2026-01-25	33744	dplyr
2026-01-26	54102	dplyr
2026-01-27	63372	dplyr
2026-01-28	65441	dplyr
2026-01-29	68753	dplyr
2026-01-30	54500	dplyr
2026-01-31	37628	dplyr
2026-02-01	36104	dplyr
2026-02-02	61582	dplyr
2026-02-03	78450	dplyr
2026-02-04	86499	dplyr
2026-02-05	95868	dplyr
2026-02-06	63712	dplyr
2026-02-07	39115	dplyr
2026-02-08	55504	dplyr
2026-02-09	74682	dplyr
2026-02-10	68426	dplyr
2026-02-11	66049	dplyr
2026-02-12	63818	dplyr
2026-02-13	54424	dplyr
2026-02-14	29771	dplyr
2026-02-15	31472	dplyr
2026-02-16	54721	dplyr
2026-02-17	59304	dplyr
2026-02-18	58911	dplyr
2026-02-19	60613	dplyr
2026-02-20	52760	dplyr
2026-02-21	34174	dplyr
2026-02-22	37450	dplyr
2026-02-23	60913	dplyr
2026-02-24	67110	dplyr
2026-02-25	65747	dplyr
2026-02-26	66907	dplyr
2026-02-27	56981	dplyr
2026-02-28	34205	dplyr
2026-03-01	36339	dplyr
2026-03-02	65411	dplyr
2026-03-03	68407	dplyr
2026-03-04	70583	dplyr
2026-03-05	72033	dplyr
2026-03-06	64022	dplyr
2026-03-07	40879	dplyr
2026-03-08	39782	dplyr
2026-03-09	75030	dplyr
2026-03-10	80921	dplyr
2026-03-11	73951	dplyr
2026-03-12	77701	dplyr
2026-03-13	67533	dplyr
2026-03-14	41488	dplyr
2026-03-15	41516	dplyr
2026-03-16	73640	dplyr
2026-03-17	76578	dplyr
2026-03-18	71751	dplyr
2026-03-19	74493	dplyr
2026-03-20	61894	dplyr
2026-03-21	38611	dplyr
2026-03-22	47019	dplyr
2026-03-23	81014	dplyr
2026-03-24	84739	dplyr
2026-03-25	82439	dplyr
2026-03-26	80820	dplyr
2026-03-27	60521	dplyr
2026-03-28	39685	dplyr
2026-03-29	40004	dplyr
2026-03-30	72553	dplyr
2026-03-31	73762	dplyr
2026-04-01	74482	dplyr
2026-04-02	68455	dplyr
2026-04-03	67710	dplyr
2026-04-04	49784	dplyr
2026-04-05	52060	dplyr
2026-04-06	69179	dplyr
2026-04-07	87761	dplyr
2026-04-08	88240	dplyr
2026-04-09	88746	dplyr
2026-04-10	76928	dplyr
2026-04-11	48541	dplyr
2026-04-12	45814	dplyr
2026-04-13	78794	dplyr
2026-04-14	82104	dplyr
2026-04-15	80489	dplyr
2026-04-16	77079	dplyr
2026-04-17	70131	dplyr
2026-04-18	49211	dplyr
2026-04-19	47659	dplyr
2026-04-20	78906	dplyr
2026-04-21	81777	dplyr
2026-04-22	83787	dplyr
2026-04-23	77216	dplyr
2026-04-24	69185	dplyr
2026-04-25	45095	dplyr
2026-04-26	44131	dplyr
2026-04-27	79617	dplyr
2026-04-28	84423	dplyr
2026-04-29	84485	dplyr
2026-04-30	77989	dplyr
2026-05-01	50263	dplyr
2026-05-02	40891	dplyr
2026-05-03	41862	dplyr
2026-05-04	67622	dplyr
2026-05-05	71700	dplyr
2026-05-06	75726	dplyr
2026-05-07	76273	dplyr
2026-05-08	65154	dplyr
2026-05-09	42372	dplyr
2026-05-10	40753	dplyr
2026-05-11	73589	dplyr
2026-05-12	81152	dplyr
2026-05-13	71536	dplyr
2026-05-14	66576	dplyr
2026-05-15	60915	dplyr
2026-05-16	41496	dplyr
2026-05-17	42511	dplyr
2026-05-18	71214	dplyr
2026-05-19	73307	dplyr
2026-05-20	71263	dplyr
2026-05-21	71460	dplyr
2026-05-22	60840	dplyr
2026-05-23	44523	dplyr
2026-05-24	44822	dplyr
2026-05-25	61575	dplyr
2026-05-26	76371	dplyr
2026-05-27	71312	dplyr
2026-05-28	71831	dplyr
2026-05-29	67088	dplyr
2026-05-30	46001	dplyr
2026-05-31	38582	dplyr
2026-06-01	72525	dplyr
2026-06-02	76356	dplyr
2026-06-03	74560	dplyr
2026-06-04	67592	dplyr
2026-06-05	57807	dplyr
2026-06-06	40886	dplyr
2026-06-07	38514	dplyr
2026-06-08	63989	dplyr
2026-06-09	68125	dplyr
2026-06-10	67447	dplyr
2026-06-11	68191	dplyr
2026-06-12	63576	dplyr
2026-06-13	45956	dplyr
2026-06-14	52223	dplyr
2026-06-15	76015	dplyr
2026-06-16	80504	dplyr
2026-06-17	77870	dplyr
2026-06-18	75317	dplyr
2026-06-19	85488	dplyr
2026-06-20	64820	dplyr
2026-06-21	62288	dplyr
2026-06-22	72181	dplyr
2026-06-23	65015	dplyr
2026-06-24	61186	dplyr
2026-06-25	55308	dplyr
2026-06-26	46379	dplyr
2025-01-09	65	ellmer
2025-01-10	112	ellmer
2025-01-11	34	ellmer
2025-01-12	34	ellmer
2025-01-13	57	ellmer
2025-01-14	79	ellmer
2025-01-15	47	ellmer
2025-01-16	61	ellmer
2025-01-17	114	ellmer
2025-01-18	37	ellmer
2025-01-19	20	ellmer
2025-01-20	98	ellmer
2025-01-21	59	ellmer
2025-01-22	75	ellmer
2025-01-23	38	ellmer
2025-01-24	90	ellmer
2025-01-25	22	ellmer
2025-01-26	25	ellmer
2025-01-27	109	ellmer
2025-01-28	109	ellmer
2025-01-29	120	ellmer
2025-01-30	148	ellmer
2025-01-31	82	ellmer
2025-02-01	63	ellmer
2025-02-02	83	ellmer
2025-02-03	99	ellmer
2025-02-04	84	ellmer
2025-02-05	168	ellmer
2025-02-06	87	ellmer
2025-02-07	157	ellmer
2025-02-08	107	ellmer
2025-02-09	109	ellmer
2025-02-10	110	ellmer
2025-02-11	139	ellmer
2025-02-12	133	ellmer
2025-02-13	106	ellmer
2025-02-14	157	ellmer
2025-02-15	42	ellmer
2025-02-16	43	ellmer
2025-02-17	158	ellmer
2025-02-18	109	ellmer
2025-02-19	79	ellmer
2025-02-20	144	ellmer
2025-02-21	129	ellmer
2025-02-22	69	ellmer
2025-02-23	98	ellmer
2025-02-24	98	ellmer
2025-02-25	79	ellmer
2025-02-26	148	ellmer
2025-02-27	141	ellmer
2025-02-28	108	ellmer
2025-03-01	83	ellmer
2025-03-02	41	ellmer
2025-03-03	110	ellmer
2025-03-04	153	ellmer
2025-03-05	97	ellmer
2025-03-06	148	ellmer
2025-03-07	101	ellmer
2025-03-08	102	ellmer
2025-03-09	40	ellmer
2025-03-10	103	ellmer
2025-03-11	122	ellmer
2025-03-12	176	ellmer
2025-03-13	444	ellmer
2025-03-14	182	ellmer
2025-03-15	53	ellmer
2025-03-16	127	ellmer
2025-03-17	269	ellmer
2025-03-18	256	ellmer
2025-03-19	441	ellmer
2025-03-20	283	ellmer
2025-03-21	296	ellmer
2025-03-22	134	ellmer
2025-03-23	87	ellmer
2025-03-24	420	ellmer
2025-03-25	410	ellmer
2025-03-26	128	ellmer
2025-03-27	300	ellmer
2025-03-28	141	ellmer
2025-03-29	65	ellmer
2025-03-30	67	ellmer
2025-03-31	124	ellmer
2025-04-01	196	ellmer
2025-04-02	126	ellmer
2025-04-03	101	ellmer
2025-04-04	121	ellmer
2025-04-05	103	ellmer
2025-04-06	68	ellmer
2025-04-07	109	ellmer
2025-04-08	107	ellmer
2025-04-09	210	ellmer
2025-04-10	242	ellmer
2025-04-11	340	ellmer
2025-04-12	127	ellmer
2025-04-13	64	ellmer
2025-04-14	172	ellmer
2025-04-15	185	ellmer
2025-04-16	138	ellmer
2025-04-17	108	ellmer
2025-04-18	122	ellmer
2025-04-19	44	ellmer
2025-04-20	44	ellmer
2025-04-21	140	ellmer
2025-04-22	138	ellmer
2025-04-23	141	ellmer
2025-04-24	138	ellmer
2025-04-25	64	ellmer
2025-04-26	45	ellmer
2025-04-27	118	ellmer
2025-04-28	119	ellmer
2025-04-29	119	ellmer
2025-04-30	81	ellmer
2025-05-01	83	ellmer
2025-05-02	67	ellmer
2025-05-03	68	ellmer
2025-05-04	82	ellmer
2025-05-05	91	ellmer
2025-05-06	127	ellmer
2025-05-07	163	ellmer
2025-05-08	141	ellmer
2025-05-09	164	ellmer
2025-05-10	91	ellmer
2025-05-11	29	ellmer
2025-05-12	114	ellmer
2025-05-13	154	ellmer
2025-05-14	104	ellmer
2025-05-15	135	ellmer
2025-05-16	178	ellmer
2025-05-17	45	ellmer
2025-05-18	134	ellmer
2025-05-19	259	ellmer
2025-05-20	276	ellmer
2025-05-21	199	ellmer
2025-05-22	175	ellmer
2025-05-23	162	ellmer
2025-05-24	123	ellmer
2025-05-25	54	ellmer
2025-05-26	110	ellmer
2025-05-27	182	ellmer
2025-05-28	289	ellmer
2025-05-29	269	ellmer
2025-05-30	221	ellmer
2025-05-31	87	ellmer
2025-06-01	134	ellmer
2025-06-02	226	ellmer
2025-06-03	412	ellmer
2025-06-04	460	ellmer
2025-06-05	359	ellmer
2025-06-06	198	ellmer
2025-06-07	121	ellmer
2025-06-08	119	ellmer
2025-06-09	227	ellmer
2025-06-10	245	ellmer
2025-06-11	272	ellmer
2025-06-12	253	ellmer
2025-06-13	280	ellmer
2025-06-14	116	ellmer
2025-06-15	110	ellmer
2025-06-16	216	ellmer
2025-06-17	271	ellmer
2025-06-18	221	ellmer
2025-06-19	182	ellmer
2025-06-20	213	ellmer
2025-06-21	138	ellmer
2025-06-22	65	ellmer
2025-06-23	166	ellmer
2025-06-24	201	ellmer
2025-06-25	221	ellmer
2025-06-26	172	ellmer
2025-06-27	240	ellmer
2025-06-28	109	ellmer
2025-06-29	70	ellmer
2025-06-30	197	ellmer
2025-07-01	324	ellmer
2025-07-02	268	ellmer
2025-07-03	171	ellmer
2025-07-04	133	ellmer
2025-07-05	125	ellmer
2025-07-06	86	ellmer
2025-07-07	221	ellmer
2025-07-08	219	ellmer
2025-07-09	173	ellmer
2025-07-10	184	ellmer
2025-07-11	254	ellmer
2025-07-12	79	ellmer
2025-07-13	67	ellmer
2025-07-14	240	ellmer
2025-07-15	261	ellmer
2025-07-16	201	ellmer
2025-07-17	192	ellmer
2025-07-18	169	ellmer
2025-07-19	100	ellmer
2025-07-20	79	ellmer
2025-07-21	198	ellmer
2025-07-22	236	ellmer
2025-07-23	204	ellmer
2025-07-24	268	ellmer
2025-07-25	550	ellmer
2025-07-26	224	ellmer
2025-07-27	175	ellmer
2025-07-28	359	ellmer
2025-07-29	278	ellmer
2025-07-30	342	ellmer
2025-07-31	293	ellmer
2025-08-01	211	ellmer
2025-08-02	87	ellmer
2025-08-03	130	ellmer
2025-08-04	213	ellmer
2025-08-05	263	ellmer
2025-08-06	278	ellmer
2025-08-07	261	ellmer
2025-08-08	179	ellmer
2025-08-09	89	ellmer
2025-08-10	112	ellmer
2025-08-11	283	ellmer
2025-08-12	242	ellmer
2025-08-13	330	ellmer
2025-08-14	294	ellmer
2025-08-15	355	ellmer
2025-08-16	73	ellmer
2025-08-17	70	ellmer
2025-08-18	271	ellmer
2025-08-19	357	ellmer
2025-08-20	190	ellmer
2025-08-21	355	ellmer
2025-08-22	523	ellmer
2025-08-23	130	ellmer
2025-08-24	144	ellmer
2025-08-27	308	ellmer
2025-08-28	394	ellmer
2025-09-03	566	ellmer
2025-09-04	840	ellmer
2025-09-05	726	ellmer
2025-09-06	448	ellmer
2025-09-07	555	ellmer
2025-09-08	902	ellmer
2025-09-09	682	ellmer
2025-09-10	602	ellmer
2025-09-11	720	ellmer
2025-09-12	533	ellmer
2025-09-13	412	ellmer
2025-09-14	420	ellmer
2025-09-15	612	ellmer
2025-09-16	869	ellmer
2025-09-17	713	ellmer
2025-09-18	605	ellmer
2025-09-19	580	ellmer
2025-09-20	274	ellmer
2025-09-21	241	ellmer
2025-09-22	383	ellmer
2025-09-23	524	ellmer
2025-09-24	498	ellmer
2025-09-25	575	ellmer
2025-09-26	422	ellmer
2025-09-27	225	ellmer
2025-09-28	302	ellmer
2025-09-29	514	ellmer
2025-09-30	517	ellmer
2025-10-01	480	ellmer
2025-10-02	394	ellmer
2025-10-03	379	ellmer
2025-10-04	219	ellmer
2025-10-05	166	ellmer
2025-10-06	355	ellmer
2025-10-07	480	ellmer
2025-10-08	442	ellmer
2025-10-09	446	ellmer
2025-10-10	571	ellmer
2025-10-11	290	ellmer
2025-10-12	176	ellmer
2025-10-13	328	ellmer
2025-10-14	408	ellmer
2025-10-15	309	ellmer
2025-10-16	355	ellmer
2025-10-17	269	ellmer
2025-10-18	166	ellmer
2025-10-19	184	ellmer
2025-10-20	432	ellmer
2025-10-21	556	ellmer
2025-10-22	400	ellmer
2025-10-23	374	ellmer
2025-10-24	290	ellmer
2025-10-25	180	ellmer
2025-10-26	163	ellmer
2025-10-27	386	ellmer
2025-10-28	347	ellmer
2025-10-29	292	ellmer
2025-10-30	395	ellmer
2025-10-31	383	ellmer
2025-11-01	151	ellmer
2025-11-02	210	ellmer
2025-11-03	393	ellmer
2025-11-04	440	ellmer
2025-11-05	468	ellmer
2025-11-06	297	ellmer
2025-11-07	256	ellmer
2025-11-08	125	ellmer
2025-11-09	236	ellmer
2025-11-10	358	ellmer
2025-11-11	316	ellmer
2025-11-12	376	ellmer
2025-11-13	411	ellmer
2025-11-14	387	ellmer
2025-11-15	359	ellmer
2025-11-16	364	ellmer
2025-11-17	625	ellmer
2025-11-18	683	ellmer
2025-11-19	507	ellmer
2025-11-20	451	ellmer
2025-11-21	453	ellmer
2025-11-22	167	ellmer
2025-11-23	196	ellmer
2025-11-24	422	ellmer
2025-11-25	475	ellmer
2025-11-26	501	ellmer
2025-11-27	421	ellmer
2025-11-28	369	ellmer
2025-11-29	250	ellmer
2025-11-30	373	ellmer
2025-12-01	517	ellmer
2025-12-02	543	ellmer
2025-12-03	467	ellmer
2025-12-04	343	ellmer
2025-12-05	377	ellmer
2025-12-06	252	ellmer
2025-12-07	200	ellmer
2025-12-08	359	ellmer
2025-12-09	538	ellmer
2025-12-10	332	ellmer
2025-12-11	303	ellmer
2025-12-12	355	ellmer
2025-12-13	100	ellmer
2025-12-14	144	ellmer
2025-12-15	277	ellmer
2025-12-16	323	ellmer
2025-12-17	516	ellmer
2025-12-18	303	ellmer
2025-12-19	282	ellmer
2025-12-20	150	ellmer
2025-12-21	129	ellmer
2025-12-22	252	ellmer
2025-12-23	182	ellmer
2025-12-24	126	ellmer
2025-12-25	160	ellmer
2025-12-26	91	ellmer
2025-12-27	114	ellmer
2025-12-28	133	ellmer
2025-12-29	155	ellmer
2025-12-30	202	ellmer
2025-12-31	164	ellmer
2026-01-01	108	ellmer
2026-01-02	174	ellmer
2026-01-03	137	ellmer
2026-01-04	125	ellmer
2026-01-05	253	ellmer
2026-01-06	215	ellmer
2026-01-07	246	ellmer
2026-01-08	273	ellmer
2026-01-09	238	ellmer
2026-01-10	167	ellmer
2026-01-11	175	ellmer
2026-01-12	302	ellmer
2026-01-13	276	ellmer
2026-01-14	369	ellmer
2026-01-15	357	ellmer
2026-01-16	283	ellmer
2026-01-17	194	ellmer
2026-01-18	161	ellmer
2026-01-19	369	ellmer
2026-01-20	479	ellmer
2026-01-21	332	ellmer
2026-01-22	343	ellmer
2026-01-23	317	ellmer
2026-01-24	188	ellmer
2026-01-25	220	ellmer
2026-01-26	282	ellmer
2026-01-27	492	ellmer
2026-01-28	413	ellmer
2026-01-29	429	ellmer
2026-01-30	817	ellmer
2026-01-31	335	ellmer
2026-02-01	331	ellmer
2026-02-02	509	ellmer
2026-02-03	484	ellmer
2026-02-04	760	ellmer
2026-02-05	556	ellmer
2026-02-06	353	ellmer
2026-02-07	182	ellmer
2026-02-08	228	ellmer
2026-02-09	323	ellmer
2026-02-10	373	ellmer
2026-02-11	397	ellmer
2026-02-12	411	ellmer
2026-02-13	385	ellmer
2026-02-14	237	ellmer
2026-02-15	205	ellmer
2026-02-16	364	ellmer
2026-02-17	409	ellmer
2026-02-18	403	ellmer
2026-02-19	360	ellmer
2026-02-20	498	ellmer
2026-02-21	262	ellmer
2026-02-22	265	ellmer
2026-02-23	386	ellmer
2026-02-24	479	ellmer
2026-02-25	347	ellmer
2026-02-26	411	ellmer
2026-02-27	415	ellmer
2026-02-28	213	ellmer
2026-03-01	173	ellmer
2026-03-02	365	ellmer
2026-03-03	348	ellmer
2026-03-04	629	ellmer
2026-03-05	405	ellmer
2026-03-06	366	ellmer
2026-03-07	244	ellmer
2026-03-08	263	ellmer
2026-03-09	420	ellmer
2026-03-10	532	ellmer
2026-03-11	422	ellmer
2026-03-12	441	ellmer
2026-03-13	420	ellmer
2026-03-14	323	ellmer
2026-03-15	227	ellmer
2026-03-16	388	ellmer
2026-03-17	498	ellmer
2026-03-18	430	ellmer
2026-03-19	473	ellmer
2026-03-20	483	ellmer
2026-03-21	227	ellmer
2026-03-22	243	ellmer
2026-03-23	476	ellmer
2026-03-24	465	ellmer
2026-03-25	487	ellmer
2026-03-26	388	ellmer
2026-03-27	406	ellmer
2026-03-28	198	ellmer
2026-03-29	220	ellmer
2026-03-30	411	ellmer
2026-03-31	610	ellmer
2026-04-01	467	ellmer
2026-04-02	484	ellmer
2026-04-03	378	ellmer
2026-04-04	367	ellmer
2026-04-05	393	ellmer
2026-04-06	346	ellmer
2026-04-07	451	ellmer
2026-04-08	575	ellmer
2026-04-09	474	ellmer
2026-04-10	422	ellmer
2026-04-11	345	ellmer
2026-04-12	272	ellmer
2026-04-13	466	ellmer
2026-04-14	515	ellmer
2026-04-15	424	ellmer
2026-04-16	437	ellmer
2026-04-17	354	ellmer
2026-04-18	256	ellmer
2026-04-19	340	ellmer
2026-04-20	412	ellmer
2026-04-21	507	ellmer
2026-04-22	545	ellmer
2026-04-23	605	ellmer
2026-04-24	450	ellmer
2026-04-25	458	ellmer
2026-04-26	401	ellmer
2026-04-27	619	ellmer
2026-04-28	626	ellmer
2026-04-29	743	ellmer
2026-04-30	509	ellmer
2026-05-01	484	ellmer
2026-05-02	273	ellmer
2026-05-03	349	ellmer
2026-05-04	644	ellmer
2026-05-05	540	ellmer
2026-05-06	531	ellmer
2026-05-07	766	ellmer
2026-05-08	798	ellmer
2026-05-09	478	ellmer
2026-05-10	355	ellmer
2026-05-11	737	ellmer
2026-05-12	742	ellmer
2026-05-13	665	ellmer
2026-05-14	710	ellmer
2026-05-15	498	ellmer
2026-05-16	389	ellmer
2026-05-17	453	ellmer
2026-05-18	582	ellmer
2026-05-19	462	ellmer
2026-05-20	574	ellmer
2026-05-21	650	ellmer
2026-05-22	548	ellmer
2026-05-23	371	ellmer
2026-05-24	385	ellmer
2026-05-25	465	ellmer
2026-05-26	660	ellmer
2026-05-27	574	ellmer
2026-05-28	579	ellmer
2026-05-29	555	ellmer
2026-05-30	406	ellmer
2026-05-31	325	ellmer
2026-06-01	586	ellmer
2026-06-02	672	ellmer
2026-06-03	591	ellmer
2026-06-04	522	ellmer
2026-06-05	445	ellmer
2026-06-06	304	ellmer
2026-06-07	292	ellmer
2026-06-08	451	ellmer
2026-06-09	381	ellmer
2026-06-10	489	ellmer
2026-06-11	477	ellmer
2026-06-12	355	ellmer
2026-06-13	222	ellmer
2026-06-14	323	ellmer
2026-06-15	515	ellmer
2026-06-16	605	ellmer
2026-06-17	596	ellmer
2026-06-18	554	ellmer
2026-06-19	496	ellmer
2026-06-20	343	ellmer
2026-06-21	312	ellmer
2026-06-22	437	ellmer
2026-06-23	426	ellmer
2026-06-24	395	ellmer
2026-06-25	450	ellmer
2026-06-26	462	ellmer
